image_path,label
Didgeridoo\001.jpg,0
Didgeridoo\002.jpg,0
Didgeridoo\003.jpg,0
Didgeridoo\004.jpg,0
Didgeridoo\005.jpg,0
Didgeridoo\006.jpg,0
Didgeridoo\007.jpg,0
Didgeridoo\008.jpg,0
Didgeridoo\009.jpg,0
Didgeridoo\010.jpg,0
Didgeridoo\011.jpg,0
Didgeridoo\012.jpg,0
Didgeridoo\013.jpg,0
Didgeridoo\014.jpg,0
Didgeridoo\015.jpg,0
Didgeridoo\016.jpg,0
Didgeridoo\017.jpg,0
Didgeridoo\018.jpg,0
Didgeridoo\019.jpg,0
Didgeridoo\020.jpg,0
Didgeridoo\021.jpg,0
Didgeridoo\022.jpg,0
Didgeridoo\023.jpg,0
Didgeridoo\024.jpg,0
Didgeridoo\025.jpg,0
Didgeridoo\026.jpg,0
Didgeridoo\027.jpg,0
Didgeridoo\028.jpg,0
Didgeridoo\029.jpg,0
Didgeridoo\030.jpg,0
Didgeridoo\031.jpg,0
Didgeridoo\032.jpg,0
Didgeridoo\033.jpg,0
Didgeridoo\034.jpg,0
Didgeridoo\035.jpg,0
Didgeridoo\036.jpg,0
Didgeridoo\037.jpg,0
Didgeridoo\038.jpg,0
Didgeridoo\039.jpg,0
Didgeridoo\040.jpg,0
Didgeridoo\041.jpg,0
Didgeridoo\042.jpg,0
Didgeridoo\043.jpg,0
Didgeridoo\044.jpg,0
Didgeridoo\045.jpg,0
Didgeridoo\046.jpg,0
Didgeridoo\047.jpg,0
Didgeridoo\048.jpg,0
Didgeridoo\049.jpg,0
Didgeridoo\050.jpg,0
Didgeridoo\051.jpg,0
Didgeridoo\052.jpg,0
Didgeridoo\053.jpg,0
Didgeridoo\054.jpg,0
Didgeridoo\055.jpg,0
Didgeridoo\056.jpg,0
Didgeridoo\057.jpg,0
Didgeridoo\058.jpg,0
Didgeridoo\059.jpg,0
Didgeridoo\060.jpg,0
Didgeridoo\061.jpg,0
Didgeridoo\062.jpg,0
Didgeridoo\063.jpg,0
Didgeridoo\064.jpg,0
Didgeridoo\065.jpg,0
Didgeridoo\066.jpg,0
Didgeridoo\067.jpg,0
Didgeridoo\068.jpg,0
Didgeridoo\069.jpg,0
Didgeridoo\070.jpg,0
Didgeridoo\071.jpg,0
Didgeridoo\072.jpg,0
Didgeridoo\073.jpg,0
Didgeridoo\074.jpg,0
Didgeridoo\075.jpg,0
Didgeridoo\076.jpg,0
Didgeridoo\077.jpg,0
Didgeridoo\078.jpg,0
Didgeridoo\079.jpg,0
Didgeridoo\080.jpg,0
Didgeridoo\081.jpg,0
Didgeridoo\082.jpg,0
Didgeridoo\083.jpg,0
Didgeridoo\084.jpg,0
Didgeridoo\085.jpg,0
Didgeridoo\086.jpg,0
Didgeridoo\087.jpg,0
Didgeridoo\088.jpg,0
Didgeridoo\089.jpg,0
Didgeridoo\090.jpg,0
Didgeridoo\091.jpg,0
Didgeridoo\092.jpg,0
Didgeridoo\093.jpg,0
Didgeridoo\094.jpg,0
Didgeridoo\095.jpg,0
Didgeridoo\096.jpg,0
Didgeridoo\097.jpg,0
Didgeridoo\098.jpg,0
Didgeridoo\099.jpg,0
Didgeridoo\100.jpg,0
Didgeridoo\101.jpg,0
Didgeridoo\102.jpg,0
Didgeridoo\103.jpg,0
Didgeridoo\104.jpg,0
Didgeridoo\105.jpg,0
Didgeridoo\106.jpg,0
Didgeridoo\107.jpg,0
Didgeridoo\108.jpg,0
Didgeridoo\109.jpg,0
Didgeridoo\110.jpg,0
Didgeridoo\111.jpg,0
Didgeridoo\112.jpg,0
Didgeridoo\113.jpg,0
Didgeridoo\114.jpg,0
Didgeridoo\115.jpg,0
Didgeridoo\116.jpg,0
Didgeridoo\117.jpg,0
Didgeridoo\118.jpg,0
Didgeridoo\119.jpg,0
Didgeridoo\120.jpg,0
Didgeridoo\121.jpg,0
Didgeridoo\122.jpg,0
Didgeridoo\123.jpg,0
Didgeridoo\124.jpg,0
Didgeridoo\125.jpg,0
Didgeridoo\126.jpg,0
Didgeridoo\127.jpg,0
Didgeridoo\128.jpg,0
Didgeridoo\129.jpg,0
Didgeridoo\130.jpg,0
Didgeridoo\131.jpg,0
Didgeridoo\132.jpg,0
Didgeridoo\133.jpg,0
Didgeridoo\134.jpg,0
Didgeridoo\135.jpg,0
Didgeridoo\136.jpg,0
Didgeridoo\137.jpg,0
Didgeridoo\138.jpg,0
Didgeridoo\139.jpg,0
Didgeridoo\140.jpg,0
Didgeridoo\141.jpg,0
Didgeridoo\142.jpg,0
Didgeridoo\143.jpg,0
Didgeridoo\144.jpg,0
Didgeridoo\145.jpg,0
Tambourine\001.jpg,1
Tambourine\002.jpg,1
Tambourine\003.jpg,1
Tambourine\004.jpg,1
Tambourine\005.jpg,1
Tambourine\006.jpg,1
Tambourine\007.jpg,1
Tambourine\008.jpg,1
Tambourine\009.jpg,1
Tambourine\010.jpg,1
Tambourine\011.jpg,1
Tambourine\012.jpg,1
Tambourine\013.jpg,1
Tambourine\014.jpg,1
Tambourine\015.jpg,1
Tambourine\016.jpg,1
Tambourine\017.jpg,1
Tambourine\018.jpg,1
Tambourine\019.jpg,1
Tambourine\020.jpg,1
Tambourine\021.jpg,1
Tambourine\022.jpg,1
Tambourine\023.jpg,1
Tambourine\024.jpg,1
Tambourine\025.jpg,1
Tambourine\026.jpg,1
Tambourine\027.jpg,1
Tambourine\028.jpg,1
Tambourine\029.jpg,1
Tambourine\030.jpg,1
Tambourine\031.jpg,1
Tambourine\032.jpg,1
Tambourine\033.jpg,1
Tambourine\034.jpg,1
Tambourine\035.jpg,1
Tambourine\036.jpg,1
Tambourine\037.jpg,1
Tambourine\038.jpg,1
Tambourine\039.jpg,1
Tambourine\040.jpg,1
Tambourine\041.jpg,1
Tambourine\042.jpg,1
Tambourine\043.jpg,1
Tambourine\044.jpg,1
Tambourine\045.jpg,1
Tambourine\046.jpg,1
Tambourine\047.jpg,1
Tambourine\048.jpg,1
Tambourine\049.jpg,1
Tambourine\050.jpg,1
Tambourine\051.jpg,1
Tambourine\052.jpg,1
Tambourine\053.jpg,1
Tambourine\054.jpg,1
Tambourine\055.jpg,1
Tambourine\056.jpg,1
Tambourine\057.jpg,1
Tambourine\058.jpg,1
Tambourine\059.jpg,1
Tambourine\060.jpg,1
Tambourine\061.jpg,1
Tambourine\062.jpg,1
Tambourine\063.jpg,1
Tambourine\064.jpg,1
Tambourine\065.jpg,1
Tambourine\066.jpg,1
Tambourine\067.jpg,1
Tambourine\068.jpg,1
Tambourine\069.jpg,1
Tambourine\070.jpg,1
Tambourine\071.jpg,1
Tambourine\072.jpg,1
Tambourine\073.jpg,1
Tambourine\074.jpg,1
Tambourine\075.jpg,1
Tambourine\076.jpg,1
Tambourine\077.jpg,1
Tambourine\078.jpg,1
Tambourine\079.jpg,1
Tambourine\080.jpg,1
Tambourine\081.jpg,1
Tambourine\082.jpg,1
Tambourine\083.jpg,1
Tambourine\084.jpg,1
Tambourine\085.jpg,1
Tambourine\086.jpg,1
Tambourine\087.jpg,1
Tambourine\088.jpg,1
Tambourine\089.jpg,1
Tambourine\090.jpg,1
Tambourine\091.jpg,1
Tambourine\092.jpg,1
Tambourine\093.jpg,1
Tambourine\094.jpg,1
Tambourine\095.jpg,1
Tambourine\096.jpg,1
Tambourine\097.jpg,1
Tambourine\098.jpg,1
Tambourine\099.jpg,1
Tambourine\100.jpg,1
Tambourine\101.jpg,1
Tambourine\102.jpg,1
Tambourine\103.jpg,1
Tambourine\104.jpg,1
Tambourine\105.jpg,1
Tambourine\106.jpg,1
Tambourine\107.jpg,1
Tambourine\108.jpg,1
Tambourine\109.jpg,1
Tambourine\110.jpg,1
Tambourine\111.jpg,1
Tambourine\112.jpg,1
Tambourine\113.jpg,1
Tambourine\114.jpg,1
Tambourine\115.jpg,1
Tambourine\116.jpg,1
Tambourine\117.jpg,1
Tambourine\118.jpg,1
Tambourine\119.jpg,1
Tambourine\120.jpg,1
Tambourine\121.jpg,1
Tambourine\122.jpg,1
Tambourine\123.jpg,1
Tambourine\124.jpg,1
Tambourine\125.jpg,1
Tambourine\126.jpg,1
Tambourine\127.jpg,1
Tambourine\128.jpg,1
Tambourine\129.jpg,1
Tambourine\130.jpg,1
Tambourine\131.jpg,1
Tambourine\132.jpg,1
Tambourine\133.jpg,1
Tambourine\134.jpg,1
Tambourine\135.jpg,1
Tambourine\136.jpg,1
Tambourine\137.jpg,1
Tambourine\138.jpg,1
Tambourine\139.jpg,1
Tambourine\140.jpg,1
Tambourine\141.jpg,1
Tambourine\142.jpg,1
Tambourine\143.jpg,1
Tambourine\144.jpg,1
Tambourine\145.jpg,1
Tambourine\146.jpg,1
Tambourine\147.jpg,1
Tambourine\148.jpg,1
Tambourine\149.jpg,1
Tambourine\150.jpg,1
Tambourine\151.jpg,1
Tambourine\152.jpg,1
Tambourine\153.jpg,1
Tambourine\154.jpg,1
Tambourine\155.jpg,1
Tambourine\156.jpg,1
Tambourine\157.jpg,1
Tambourine\158.jpg,1
Tambourine\159.jpg,1
Tambourine\160.jpg,1
Tambourine\161.jpg,1
Tambourine\162.jpg,1
Tambourine\163.jpg,1
Tambourine\164.jpg,1
Tambourine\165.jpg,1
Tambourine\166.jpg,1
Tambourine\167.jpg,1
Tambourine\168.jpg,1
Tambourine\169.jpg,1
Tambourine\170.jpg,1
Tambourine\171.jpg,1
Tambourine\172.jpg,1
Tambourine\173.jpg,1
Tambourine\174.jpg,1
Tambourine\175.jpg,1
Tambourine\176.jpg,1
Tambourine\177.jpg,1
Tambourine\178.jpg,1
Tambourine\179.jpg,1
Tambourine\180.jpg,1
Tambourine\181.jpg,1
Tambourine\182.jpg,1
Tambourine\183.jpg,1
Tambourine\184.jpg,1
Tambourine\185.jpg,1
Tambourine\186.jpg,1
Tambourine\187.jpg,1
Tambourine\188.jpg,1
Tambourine\189.jpg,1
Tambourine\190.jpg,1
Tambourine\191.jpg,1
Tambourine\192.jpg,1
Tambourine\193.jpg,1
Tambourine\194.jpg,1
Tambourine\195.jpg,1
Tambourine\196.jpg,1
Tambourine\197.jpg,1
Tambourine\198.jpg,1
Tambourine\199.jpg,1
Tambourine\200.jpg,1
Tambourine\201.jpg,1
Tambourine\202.jpg,1
Tambourine\203.jpg,1
Tambourine\204.jpg,1
Tambourine\205.jpg,1
Tambourine\206.jpg,1
Tambourine\207.jpg,1
Tambourine\208.jpg,1
Tambourine\209.jpg,1
Tambourine\210.jpg,1
Tambourine\211.jpg,1
Tambourine\212.jpg,1
Tambourine\213.jpg,1
Tambourine\214.jpg,1
Tambourine\215.jpg,1
Tambourine\216.jpg,1
Tambourine\217.jpg,1
Tambourine\218.jpg,1
Tambourine\219.jpg,1
Tambourine\220.jpg,1
Tambourine\221.jpg,1
Tambourine\222.jpg,1
Tambourine\223.jpg,1
Tambourine\224.jpg,1
Tambourine\225.jpg,1
Tambourine\226.jpg,1
Tambourine\227.jpg,1
Tambourine\228.jpg,1
Tambourine\229.jpg,1
Tambourine\230.jpg,1
Tambourine\231.jpg,1
Tambourine\232.jpg,1
Tambourine\233.jpg,1
Tambourine\234.jpg,1
Tambourine\235.jpg,1
Tambourine\236.jpg,1
Tambourine\237.jpg,1
Tambourine\238.jpg,1
Tambourine\239.jpg,1
Tambourine\240.jpg,1
Tambourine\241.jpg,1
Tambourine\242.jpg,1
Tambourine\243.jpg,1
Tambourine\244.jpg,1
Tambourine\245.jpg,1
Tambourine\246.jpg,1
Tambourine\247.jpg,1
Tambourine\248.jpg,1
Tambourine\249.jpg,1
Tambourine\250.jpg,1
Tambourine\251.jpg,1
Tambourine\252.jpg,1
Tambourine\253.jpg,1
Tambourine\254.jpg,1
Tambourine\255.jpg,1
Tambourine\256.jpg,1
Tambourine\257.jpg,1
Tambourine\258.jpg,1
Tambourine\259.jpg,1
Tambourine\260.jpg,1
Tambourine\261.jpg,1
Tambourine\262.jpg,1
Tambourine\263.jpg,1
Tambourine\264.jpg,1
Tambourine\265.jpg,1
Tambourine\266.jpg,1
Tambourine\267.jpg,1
Tambourine\268.jpg,1
Tambourine\269.jpg,1
Tambourine\270.jpg,1
Tambourine\271.jpg,1
Tambourine\272.jpg,1
Tambourine\273.jpg,1
Tambourine\274.jpg,1
Tambourine\275.jpg,1
Xylophone\001.jpg,2
Xylophone\002.jpg,2
Xylophone\003.jpg,2
Xylophone\004.jpg,2
Xylophone\005.jpg,2
Xylophone\006.jpg,2
Xylophone\007.jpg,2
Xylophone\008.jpg,2
Xylophone\009.jpg,2
Xylophone\010.jpg,2
Xylophone\011.jpg,2
Xylophone\012.jpg,2
Xylophone\013.jpg,2
Xylophone\014.jpg,2
Xylophone\015.jpg,2
Xylophone\016.jpg,2
Xylophone\017.jpg,2
Xylophone\018.jpg,2
Xylophone\019.jpg,2
Xylophone\020.jpg,2
Xylophone\021.jpg,2
Xylophone\022.jpg,2
Xylophone\023.jpg,2
Xylophone\024.jpg,2
Xylophone\025.jpg,2
Xylophone\026.jpg,2
Xylophone\027.jpg,2
Xylophone\028.jpg,2
Xylophone\029.jpg,2
Xylophone\030.jpg,2
Xylophone\031.jpg,2
Xylophone\032.jpg,2
Xylophone\033.jpg,2
Xylophone\034.jpg,2
Xylophone\035.jpg,2
Xylophone\036.jpg,2
Xylophone\037.jpg,2
Xylophone\038.jpg,2
Xylophone\039.jpg,2
Xylophone\040.jpg,2
Xylophone\041.jpg,2
Xylophone\042.jpg,2
Xylophone\043.jpg,2
Xylophone\044.jpg,2
Xylophone\045.jpg,2
Xylophone\046.jpg,2
Xylophone\047.jpg,2
Xylophone\048.jpg,2
Xylophone\049.jpg,2
Xylophone\050.jpg,2
Xylophone\051.jpg,2
Xylophone\052.jpg,2
Xylophone\053.jpg,2
Xylophone\054.jpg,2
Xylophone\055.jpg,2
Xylophone\056.jpg,2
Xylophone\057.jpg,2
Xylophone\058.jpg,2
Xylophone\059.jpg,2
Xylophone\060.jpg,2
Xylophone\061.jpg,2
Xylophone\062.jpg,2
Xylophone\063.jpg,2
Xylophone\064.jpg,2
Xylophone\065.jpg,2
Xylophone\066.jpg,2
Xylophone\067.jpg,2
Xylophone\068.jpg,2
Xylophone\069.jpg,2
Xylophone\070.jpg,2
Xylophone\071.jpg,2
Xylophone\072.jpg,2
Xylophone\073.jpg,2
Xylophone\074.jpg,2
Xylophone\075.jpg,2
Xylophone\076.jpg,2
Xylophone\077.jpg,2
Xylophone\078.jpg,2
Xylophone\079.jpg,2
Xylophone\080.jpg,2
Xylophone\081.jpg,2
Xylophone\082.jpg,2
Xylophone\083.jpg,2
Xylophone\084.jpg,2
Xylophone\085.jpg,2
Xylophone\086.jpg,2
Xylophone\087.jpg,2
Xylophone\088.jpg,2
Xylophone\089.jpg,2
Xylophone\090.jpg,2
Xylophone\091.jpg,2
Xylophone\092.jpg,2
Xylophone\093.jpg,2
Xylophone\094.jpg,2
Xylophone\095.jpg,2
Xylophone\096.jpg,2
Xylophone\097.jpg,2
Xylophone\098.jpg,2
Xylophone\099.jpg,2
Xylophone\100.jpg,2
Xylophone\101.jpg,2
Xylophone\102.jpg,2
Xylophone\103.jpg,2
Xylophone\104.jpg,2
Xylophone\105.jpg,2
Xylophone\106.jpg,2
Xylophone\107.jpg,2
Xylophone\108.jpg,2
Xylophone\109.jpg,2
Xylophone\110.jpg,2
Xylophone\111.jpg,2
Xylophone\112.jpg,2
Xylophone\113.jpg,2
Xylophone\114.jpg,2
Xylophone\115.jpg,2
Xylophone\116.jpg,2
Xylophone\117.jpg,2
Xylophone\118.jpg,2
Xylophone\119.jpg,2
Xylophone\120.jpg,2
Xylophone\121.jpg,2
Xylophone\122.jpg,2
Xylophone\123.jpg,2
Xylophone\124.jpg,2
Xylophone\125.jpg,2
Xylophone\126.jpg,2
Xylophone\127.jpg,2
Xylophone\128.jpg,2
Xylophone\129.jpg,2
Xylophone\130.jpg,2
Xylophone\131.jpg,2
Xylophone\132.jpg,2
Xylophone\133.jpg,2
Xylophone\134.jpg,2
Xylophone\135.jpg,2
Xylophone\136.jpg,2
Xylophone\137.jpg,2
Xylophone\138.jpg,2
Xylophone\139.jpg,2
Xylophone\140.jpg,2
Xylophone\141.jpg,2
Xylophone\142.jpg,2
Xylophone\143.jpg,2
Xylophone\144.jpg,2
Xylophone\145.jpg,2
Xylophone\146.jpg,2
Xylophone\147.jpg,2
Xylophone\148.jpg,2
Xylophone\149.jpg,2
Xylophone\150.jpg,2
Xylophone\151.jpg,2
Xylophone\152.jpg,2
Xylophone\153.jpg,2
Xylophone\154.jpg,2
Xylophone\155.jpg,2
Xylophone\156.jpg,2
Xylophone\157.jpg,2
Xylophone\158.jpg,2
Xylophone\159.jpg,2
Xylophone\160.jpg,2
Xylophone\161.jpg,2
Xylophone\162.jpg,2
Xylophone\163.jpg,2
Xylophone\164.jpg,2
Xylophone\165.jpg,2
Xylophone\166.jpg,2
Xylophone\167.jpg,2
Xylophone\168.jpg,2
Xylophone\169.jpg,2
Xylophone\170.jpg,2
Xylophone\171.jpg,2
Xylophone\172.jpg,2
Xylophone\173.jpg,2
Xylophone\174.jpg,2
Xylophone\175.jpg,2
Xylophone\176.jpg,2
Xylophone\177.jpg,2
Xylophone\178.jpg,2
Xylophone\179.jpg,2
Xylophone\180.jpg,2
Xylophone\181.jpg,2
Xylophone\182.jpg,2
Xylophone\183.jpg,2
Xylophone\184.jpg,2
Xylophone\185.jpg,2
Xylophone\186.jpg,2
Xylophone\187.jpg,2
Xylophone\188.jpg,2
Xylophone\189.jpg,2
Xylophone\190.jpg,2
Xylophone\191.jpg,2
Xylophone\192.jpg,2
Xylophone\193.jpg,2
Xylophone\194.jpg,2
Xylophone\195.jpg,2
Xylophone\196.jpg,2
Xylophone\197.jpg,2
Xylophone\198.jpg,2
Xylophone\199.jpg,2
Xylophone\200.jpg,2
Xylophone\201.jpg,2
Xylophone\202.jpg,2
Xylophone\203.jpg,2
Xylophone\204.jpg,2
Xylophone\205.jpg,2
acordian\001.jpg,3
acordian\002.jpg,3
acordian\003.jpg,3
acordian\004.jpg,3
acordian\005.jpg,3
acordian\006.jpg,3
acordian\007.jpg,3
acordian\008.jpg,3
acordian\009.jpg,3
acordian\010.jpg,3
acordian\011.jpg,3
acordian\012.jpg,3
acordian\013.jpg,3
acordian\014.jpg,3
acordian\015.jpg,3
acordian\016.jpg,3
acordian\017.jpg,3
acordian\018.jpg,3
acordian\019.jpg,3
acordian\020.jpg,3
acordian\021.jpg,3
acordian\022.jpg,3
acordian\023.jpg,3
acordian\024.jpg,3
acordian\025.jpg,3
acordian\026.jpg,3
acordian\027.jpg,3
acordian\028.jpg,3
acordian\029.jpg,3
acordian\030.jpg,3
acordian\031.jpg,3
acordian\032.jpg,3
acordian\033.jpg,3
acordian\034.jpg,3
acordian\035.jpg,3
acordian\036.jpg,3
acordian\037.jpg,3
acordian\038.jpg,3
acordian\039.jpg,3
acordian\040.jpg,3
acordian\041.jpg,3
acordian\042.jpg,3
acordian\043.jpg,3
acordian\044.jpg,3
acordian\045.jpg,3
acordian\046.jpg,3
acordian\047.jpg,3
acordian\048.jpg,3
acordian\049.jpg,3
acordian\050.jpg,3
acordian\051.jpg,3
acordian\052.jpg,3
acordian\053.jpg,3
acordian\054.jpg,3
acordian\055.jpg,3
acordian\056.jpg,3
acordian\057.jpg,3
acordian\058.jpg,3
acordian\059.jpg,3
acordian\060.jpg,3
acordian\061.jpg,3
acordian\062.jpg,3
acordian\063.jpg,3
acordian\064.jpg,3
acordian\065.jpg,3
acordian\066.jpg,3
acordian\067.jpg,3
acordian\068.jpg,3
acordian\069.jpg,3
acordian\070.jpg,3
acordian\071.jpg,3
acordian\072.jpg,3
acordian\073.jpg,3
acordian\074.jpg,3
acordian\075.jpg,3
acordian\076.jpg,3
acordian\077.jpg,3
acordian\078.jpg,3
acordian\079.jpg,3
acordian\080.jpg,3
acordian\081.jpg,3
acordian\082.jpg,3
acordian\083.jpg,3
acordian\084.jpg,3
acordian\085.jpg,3
acordian\086.jpg,3
acordian\087.jpg,3
acordian\088.jpg,3
acordian\089.jpg,3
acordian\090.jpg,3
acordian\091.jpg,3
acordian\092.jpg,3
acordian\093.jpg,3
acordian\094.jpg,3
acordian\095.jpg,3
acordian\096.jpg,3
acordian\097.jpg,3
acordian\098.jpg,3
acordian\099.jpg,3
acordian\100.jpg,3
acordian\101.jpg,3
acordian\102.jpg,3
acordian\103.jpg,3
acordian\104.jpg,3
acordian\105.jpg,3
acordian\106.jpg,3
acordian\107.jpg,3
acordian\108.jpg,3
acordian\109.jpg,3
acordian\110.jpg,3
acordian\111.jpg,3
acordian\112.jpg,3
acordian\113.jpg,3
acordian\114.jpg,3
acordian\115.jpg,3
acordian\116.jpg,3
acordian\117.jpg,3
acordian\118.jpg,3
acordian\119.jpg,3
acordian\120.jpg,3
acordian\121.jpg,3
acordian\122.jpg,3
acordian\123.jpg,3
acordian\124.jpg,3
acordian\125.jpg,3
acordian\126.jpg,3
acordian\127.jpg,3
acordian\128.jpg,3
acordian\129.jpg,3
acordian\130.jpg,3
acordian\131.jpg,3
acordian\132.jpg,3
acordian\133.jpg,3
acordian\134.jpg,3
acordian\135.jpg,3
acordian\136.jpg,3
acordian\137.jpg,3
acordian\138.jpg,3
acordian\139.jpg,3
acordian\140.jpg,3
acordian\141.jpg,3
acordian\142.jpg,3
acordian\143.jpg,3
acordian\144.jpg,3
acordian\145.jpg,3
acordian\146.jpg,3
acordian\147.jpg,3
acordian\148.jpg,3
acordian\149.jpg,3
acordian\150.jpg,3
acordian\151.jpg,3
acordian\152.jpg,3
acordian\153.jpg,3
acordian\154.jpg,3
acordian\155.jpg,3
acordian\156.jpg,3
acordian\157.jpg,3
acordian\158.jpg,3
acordian\159.jpg,3
acordian\160.jpg,3
acordian\161.jpg,3
acordian\162.jpg,3
acordian\163.jpg,3
acordian\164.jpg,3
acordian\165.jpg,3
acordian\166.jpg,3
acordian\167.jpg,3
acordian\168.jpg,3
acordian\169.jpg,3
acordian\170.jpg,3
acordian\171.jpg,3
acordian\172.jpg,3
acordian\173.jpg,3
acordian\174.jpg,3
acordian\175.jpg,3
acordian\176.jpg,3
acordian\177.jpg,3
acordian\178.jpg,3
acordian\179.jpg,3
acordian\180.jpg,3
acordian\181.jpg,3
acordian\182.jpg,3
acordian\183.jpg,3
acordian\184.jpg,3
acordian\185.jpg,3
acordian\186.jpg,3
acordian\187.jpg,3
acordian\188.jpg,3
acordian\189.jpg,3
acordian\190.jpg,3
acordian\191.jpg,3
acordian\192.jpg,3
acordian\193.jpg,3
acordian\194.jpg,3
acordian\195.jpg,3
acordian\196.jpg,3
acordian\197.jpg,3
acordian\198.jpg,3
acordian\199.jpg,3
acordian\200.jpg,3
acordian\201.jpg,3
acordian\202.jpg,3
acordian\203.jpg,3
acordian\204.jpg,3
acordian\205.jpg,3
acordian\206.jpg,3
acordian\207.jpg,3
acordian\208.jpg,3
acordian\209.jpg,3
alphorn\001.jpg,4
alphorn\002.jpg,4
alphorn\003.jpg,4
alphorn\004.jpg,4
alphorn\005.jpg,4
alphorn\006.jpg,4
alphorn\007.jpg,4
alphorn\008.jpg,4
alphorn\009.jpg,4
alphorn\010.jpg,4
alphorn\011.jpg,4
alphorn\012.jpg,4
alphorn\013.jpg,4
alphorn\014.jpg,4
alphorn\015.jpg,4
alphorn\016.jpg,4
alphorn\017.jpg,4
alphorn\018.jpg,4
alphorn\019.jpg,4
alphorn\020.jpg,4
alphorn\021.jpg,4
alphorn\022.jpg,4
alphorn\023.jpg,4
alphorn\024.jpg,4
alphorn\025.jpg,4
alphorn\026.jpg,4
alphorn\027.jpg,4
alphorn\028.jpg,4
alphorn\029.jpg,4
alphorn\030.jpg,4
alphorn\031.jpg,4
alphorn\032.jpg,4
alphorn\033.jpg,4
alphorn\034.jpg,4
alphorn\035.jpg,4
alphorn\036.jpg,4
alphorn\037.jpg,4
alphorn\038.jpg,4
alphorn\039.jpg,4
alphorn\040.jpg,4
alphorn\041.jpg,4
alphorn\042.jpg,4
alphorn\043.jpg,4
alphorn\044.jpg,4
alphorn\045.jpg,4
alphorn\046.jpg,4
alphorn\047.jpg,4
alphorn\048.jpg,4
alphorn\049.jpg,4
alphorn\050.jpg,4
alphorn\051.jpg,4
alphorn\052.jpg,4
alphorn\053.jpg,4
alphorn\054.jpg,4
alphorn\055.jpg,4
alphorn\056.jpg,4
alphorn\057.jpg,4
alphorn\058.jpg,4
alphorn\059.jpg,4
alphorn\060.jpg,4
alphorn\061.jpg,4
alphorn\062.jpg,4
alphorn\063.jpg,4
alphorn\064.jpg,4
alphorn\065.jpg,4
alphorn\066.jpg,4
alphorn\067.jpg,4
alphorn\068.jpg,4
alphorn\069.jpg,4
alphorn\070.jpg,4
alphorn\071.jpg,4
alphorn\072.jpg,4
alphorn\073.jpg,4
alphorn\074.jpg,4
alphorn\075.jpg,4
alphorn\076.jpg,4
alphorn\077.jpg,4
alphorn\078.jpg,4
alphorn\079.jpg,4
alphorn\080.jpg,4
alphorn\081.jpg,4
alphorn\082.jpg,4
alphorn\083.jpg,4
alphorn\084.jpg,4
alphorn\085.jpg,4
alphorn\086.jpg,4
alphorn\087.jpg,4
alphorn\088.jpg,4
alphorn\089.jpg,4
alphorn\090.jpg,4
alphorn\091.jpg,4
alphorn\092.jpg,4
alphorn\093.jpg,4
alphorn\094.jpg,4
alphorn\095.jpg,4
alphorn\096.jpg,4
alphorn\097.jpg,4
alphorn\098.jpg,4
alphorn\099.jpg,4
alphorn\100.jpg,4
alphorn\101.jpg,4
alphorn\102.jpg,4
alphorn\103.jpg,4
alphorn\104.jpg,4
alphorn\105.jpg,4
alphorn\106.jpg,4
alphorn\107.jpg,4
alphorn\108.jpg,4
alphorn\109.jpg,4
alphorn\110.jpg,4
alphorn\111.jpg,4
alphorn\112.jpg,4
alphorn\113.jpg,4
alphorn\114.jpg,4
alphorn\115.jpg,4
alphorn\116.jpg,4
alphorn\117.jpg,4
alphorn\118.jpg,4
alphorn\119.jpg,4
alphorn\120.jpg,4
alphorn\121.jpg,4
alphorn\122.jpg,4
alphorn\123.jpg,4
alphorn\124.jpg,4
alphorn\125.jpg,4
alphorn\126.jpg,4
alphorn\127.jpg,4
alphorn\128.jpg,4
alphorn\129.jpg,4
alphorn\130.jpg,4
alphorn\131.jpg,4
alphorn\132.jpg,4
alphorn\133.jpg,4
alphorn\134.jpg,4
bagpipes\001.jpg,5
bagpipes\002.jpg,5
bagpipes\003.jpg,5
bagpipes\004.jpg,5
bagpipes\005.jpg,5
bagpipes\006.jpg,5
bagpipes\007.jpg,5
bagpipes\008.jpg,5
bagpipes\009.jpg,5
bagpipes\010.jpg,5
bagpipes\011.jpg,5
bagpipes\012.jpg,5
bagpipes\013.jpg,5
bagpipes\014.jpg,5
bagpipes\015.jpg,5
bagpipes\016.jpg,5
bagpipes\017.jpg,5
bagpipes\018.jpg,5
bagpipes\019.jpg,5
bagpipes\020.jpg,5
bagpipes\021.jpg,5
bagpipes\022.jpg,5
bagpipes\023.jpg,5
bagpipes\024.jpg,5
bagpipes\025.jpg,5
bagpipes\026.jpg,5
bagpipes\027.jpg,5
bagpipes\028.jpg,5
bagpipes\029.jpg,5
bagpipes\030.jpg,5
bagpipes\031.jpg,5
bagpipes\032.jpg,5
bagpipes\033.jpg,5
bagpipes\034.jpg,5
bagpipes\035.jpg,5
bagpipes\036.jpg,5
bagpipes\037.jpg,5
bagpipes\038.jpg,5
bagpipes\039.jpg,5
bagpipes\040.jpg,5
bagpipes\041.jpg,5
bagpipes\042.jpg,5
bagpipes\043.jpg,5
bagpipes\044.jpg,5
bagpipes\045.jpg,5
bagpipes\046.jpg,5
bagpipes\047.jpg,5
bagpipes\048.jpg,5
bagpipes\049.jpg,5
bagpipes\050.jpg,5
bagpipes\051.jpg,5
bagpipes\052.jpg,5
bagpipes\053.jpg,5
bagpipes\054.jpg,5
bagpipes\055.jpg,5
bagpipes\056.jpg,5
bagpipes\057.jpg,5
bagpipes\058.jpg,5
bagpipes\059.jpg,5
bagpipes\060.jpg,5
bagpipes\061.jpg,5
bagpipes\062.jpg,5
bagpipes\063.jpg,5
bagpipes\064.jpg,5
bagpipes\065.jpg,5
bagpipes\066.jpg,5
bagpipes\067.jpg,5
bagpipes\068.jpg,5
bagpipes\069.jpg,5
bagpipes\070.jpg,5
bagpipes\071.jpg,5
bagpipes\072.jpg,5
bagpipes\073.jpg,5
bagpipes\074.jpg,5
bagpipes\075.jpg,5
bagpipes\076.jpg,5
bagpipes\077.jpg,5
bagpipes\078.jpg,5
bagpipes\079.jpg,5
bagpipes\080.jpg,5
bagpipes\081.jpg,5
bagpipes\082.jpg,5
bagpipes\083.jpg,5
bagpipes\084.jpg,5
bagpipes\085.jpg,5
bagpipes\086.jpg,5
bagpipes\087.jpg,5
bagpipes\088.jpg,5
bagpipes\089.jpg,5
bagpipes\090.jpg,5
bagpipes\091.jpg,5
bagpipes\092.jpg,5
bagpipes\093.jpg,5
bagpipes\094.jpg,5
bagpipes\095.jpg,5
bagpipes\096.jpg,5
bagpipes\097.jpg,5
bagpipes\098.jpg,5
bagpipes\099.jpg,5
bagpipes\100.jpg,5
bagpipes\101.jpg,5
bagpipes\102.jpg,5
bagpipes\103.jpg,5
bagpipes\104.jpg,5
bagpipes\105.jpg,5
bagpipes\106.jpg,5
bagpipes\107.jpg,5
bagpipes\108.jpg,5
bagpipes\109.jpg,5
bagpipes\110.jpg,5
bagpipes\111.jpg,5
bagpipes\112.jpg,5
bagpipes\113.jpg,5
bagpipes\114.jpg,5
bagpipes\115.jpg,5
bagpipes\116.jpg,5
bagpipes\117.jpg,5
bagpipes\118.jpg,5
bagpipes\119.jpg,5
bagpipes\120.jpg,5
bagpipes\121.jpg,5
bagpipes\122.jpg,5
bagpipes\123.jpg,5
bagpipes\124.jpg,5
bagpipes\125.jpg,5
bagpipes\126.jpg,5
bagpipes\127.jpg,5
bagpipes\128.jpg,5
bagpipes\129.jpg,5
bagpipes\130.jpg,5
bagpipes\131.jpg,5
bagpipes\132.jpg,5
bagpipes\133.jpg,5
bagpipes\134.jpg,5
bagpipes\135.jpg,5
bagpipes\136.jpg,5
bagpipes\137.jpg,5
banjo\001.jpg,6
banjo\002.jpg,6
banjo\003.jpg,6
banjo\004.jpg,6
banjo\005.jpg,6
banjo\006.jpg,6
banjo\007.jpg,6
banjo\008.jpg,6
banjo\009.jpg,6
banjo\010.jpg,6
banjo\011.jpg,6
banjo\012.jpg,6
banjo\013.jpg,6
banjo\014.jpg,6
banjo\015.jpg,6
banjo\016.jpg,6
banjo\017.jpg,6
banjo\018.jpg,6
banjo\019.jpg,6
banjo\020.jpg,6
banjo\021.jpg,6
banjo\022.jpg,6
banjo\023.jpg,6
banjo\024.jpg,6
banjo\025.jpg,6
banjo\026.jpg,6
banjo\027.jpg,6
banjo\028.jpg,6
banjo\029.jpg,6
banjo\030.jpg,6
banjo\031.jpg,6
banjo\032.jpg,6
banjo\033.jpg,6
banjo\034.jpg,6
banjo\035.jpg,6
banjo\036.jpg,6
banjo\037.jpg,6
banjo\038.jpg,6
banjo\039.jpg,6
banjo\040.jpg,6
banjo\041.jpg,6
banjo\042.jpg,6
banjo\043.jpg,6
banjo\044.jpg,6
banjo\045.jpg,6
banjo\046.jpg,6
banjo\047.jpg,6
banjo\048.jpg,6
banjo\049.jpg,6
banjo\050.jpg,6
banjo\051.jpg,6
banjo\052.jpg,6
banjo\053.jpg,6
banjo\054.jpg,6
banjo\055.jpg,6
banjo\056.jpg,6
banjo\057.jpg,6
banjo\058.jpg,6
banjo\059.jpg,6
banjo\060.jpg,6
banjo\061.jpg,6
banjo\062.jpg,6
banjo\063.jpg,6
banjo\064.jpg,6
banjo\065.jpg,6
banjo\066.jpg,6
banjo\067.jpg,6
banjo\068.jpg,6
banjo\069.jpg,6
banjo\070.jpg,6
banjo\071.jpg,6
banjo\072.jpg,6
banjo\073.jpg,6
banjo\074.jpg,6
banjo\075.jpg,6
banjo\076.jpg,6
banjo\077.jpg,6
banjo\078.jpg,6
banjo\079.jpg,6
banjo\080.jpg,6
banjo\081.jpg,6
banjo\082.jpg,6
banjo\083.jpg,6
banjo\084.jpg,6
banjo\085.jpg,6
banjo\086.jpg,6
banjo\087.jpg,6
banjo\088.jpg,6
banjo\089.jpg,6
banjo\090.jpg,6
banjo\091.jpg,6
banjo\092.jpg,6
banjo\093.jpg,6
banjo\094.jpg,6
banjo\095.jpg,6
banjo\096.jpg,6
banjo\097.jpg,6
banjo\098.jpg,6
banjo\099.jpg,6
banjo\100.jpg,6
banjo\101.jpg,6
banjo\102.jpg,6
banjo\103.jpg,6
banjo\104.jpg,6
banjo\105.jpg,6
banjo\106.jpg,6
banjo\107.jpg,6
banjo\108.jpg,6
banjo\109.jpg,6
banjo\110.jpg,6
banjo\111.jpg,6
banjo\112.jpg,6
banjo\113.jpg,6
banjo\114.jpg,6
banjo\115.jpg,6
banjo\116.jpg,6
banjo\117.jpg,6
banjo\118.jpg,6
banjo\119.jpg,6
banjo\120.jpg,6
banjo\121.jpg,6
banjo\122.jpg,6
banjo\123.jpg,6
banjo\124.jpg,6
banjo\125.jpg,6
banjo\126.jpg,6
banjo\127.jpg,6
banjo\128.jpg,6
banjo\129.jpg,6
banjo\130.jpg,6
banjo\131.jpg,6
banjo\132.jpg,6
banjo\133.jpg,6
banjo\134.jpg,6
banjo\135.jpg,6
banjo\136.jpg,6
banjo\137.jpg,6
banjo\138.jpg,6
banjo\139.jpg,6
banjo\140.jpg,6
banjo\141.jpg,6
banjo\142.jpg,6
banjo\143.jpg,6
banjo\144.jpg,6
banjo\145.jpg,6
banjo\146.jpg,6
banjo\147.jpg,6
banjo\148.jpg,6
banjo\149.jpg,6
banjo\150.jpg,6
banjo\151.jpg,6
banjo\152.jpg,6
banjo\153.jpg,6
banjo\154.jpg,6
banjo\155.jpg,6
bongo drum\001.jpg,7
bongo drum\002.jpg,7
bongo drum\003.jpg,7
bongo drum\004.jpg,7
bongo drum\005.jpg,7
bongo drum\006.jpg,7
bongo drum\007.jpg,7
bongo drum\008.jpg,7
bongo drum\009.jpg,7
bongo drum\010.jpg,7
bongo drum\011.jpg,7
bongo drum\012.jpg,7
bongo drum\013.jpg,7
bongo drum\014.jpg,7
bongo drum\015.jpg,7
bongo drum\016.jpg,7
bongo drum\017.jpg,7
bongo drum\018.jpg,7
bongo drum\019.jpg,7
bongo drum\020.jpg,7
bongo drum\021.jpg,7
bongo drum\022.jpg,7
bongo drum\023.jpg,7
bongo drum\024.jpg,7
bongo drum\025.jpg,7
bongo drum\026.jpg,7
bongo drum\027.jpg,7
bongo drum\028.jpg,7
bongo drum\029.jpg,7
bongo drum\030.jpg,7
bongo drum\031.jpg,7
bongo drum\032.jpg,7
bongo drum\033.jpg,7
bongo drum\034.jpg,7
bongo drum\035.jpg,7
bongo drum\036.jpg,7
bongo drum\037.jpg,7
bongo drum\038.jpg,7
bongo drum\039.jpg,7
bongo drum\040.jpg,7
bongo drum\041.jpg,7
bongo drum\042.jpg,7
bongo drum\043.jpg,7
bongo drum\044.jpg,7
bongo drum\045.jpg,7
bongo drum\046.jpg,7
bongo drum\047.jpg,7
bongo drum\048.jpg,7
bongo drum\049.jpg,7
bongo drum\050.jpg,7
bongo drum\051.jpg,7
bongo drum\052.jpg,7
bongo drum\053.jpg,7
bongo drum\054.jpg,7
bongo drum\055.jpg,7
bongo drum\056.jpg,7
bongo drum\057.jpg,7
bongo drum\058.jpg,7
bongo drum\059.jpg,7
bongo drum\060.jpg,7
bongo drum\061.jpg,7
bongo drum\062.jpg,7
bongo drum\063.jpg,7
bongo drum\064.jpg,7
bongo drum\065.jpg,7
bongo drum\066.jpg,7
bongo drum\067.jpg,7
bongo drum\068.jpg,7
bongo drum\069.jpg,7
bongo drum\070.jpg,7
bongo drum\071.jpg,7
bongo drum\072.jpg,7
bongo drum\073.jpg,7
bongo drum\074.jpg,7
bongo drum\075.jpg,7
bongo drum\076.jpg,7
bongo drum\077.jpg,7
bongo drum\078.jpg,7
bongo drum\079.jpg,7
bongo drum\080.jpg,7
bongo drum\081.jpg,7
bongo drum\082.jpg,7
bongo drum\083.jpg,7
bongo drum\084.jpg,7
bongo drum\085.jpg,7
bongo drum\086.jpg,7
bongo drum\087.jpg,7
bongo drum\088.jpg,7
bongo drum\089.jpg,7
bongo drum\090.jpg,7
bongo drum\091.jpg,7
bongo drum\092.jpg,7
bongo drum\093.jpg,7
bongo drum\094.jpg,7
bongo drum\095.jpg,7
bongo drum\096.jpg,7
bongo drum\097.jpg,7
bongo drum\098.jpg,7
bongo drum\099.jpg,7
bongo drum\100.jpg,7
bongo drum\101.jpg,7
bongo drum\102.jpg,7
bongo drum\103.jpg,7
bongo drum\104.jpg,7
bongo drum\105.jpg,7
bongo drum\106.jpg,7
bongo drum\107.jpg,7
bongo drum\108.jpg,7
bongo drum\109.jpg,7
bongo drum\110.jpg,7
bongo drum\111.jpg,7
bongo drum\112.jpg,7
bongo drum\113.jpg,7
bongo drum\114.jpg,7
bongo drum\115.jpg,7
bongo drum\116.jpg,7
bongo drum\117.jpg,7
bongo drum\118.jpg,7
bongo drum\119.jpg,7
bongo drum\120.jpg,7
bongo drum\121.jpg,7
bongo drum\122.jpg,7
bongo drum\123.jpg,7
bongo drum\124.jpg,7
bongo drum\125.jpg,7
bongo drum\126.jpg,7
bongo drum\127.jpg,7
bongo drum\128.jpg,7
bongo drum\129.jpg,7
bongo drum\130.jpg,7
bongo drum\131.jpg,7
bongo drum\132.jpg,7
bongo drum\133.jpg,7
bongo drum\134.jpg,7
bongo drum\135.jpg,7
bongo drum\136.jpg,7
bongo drum\137.jpg,7
bongo drum\138.jpg,7
bongo drum\139.jpg,7
bongo drum\140.jpg,7
bongo drum\141.jpg,7
casaba\001.jpg,8
casaba\002.jpg,8
casaba\003.jpg,8
casaba\004.jpg,8
casaba\005.jpg,8
casaba\006.jpg,8
casaba\007.jpg,8
casaba\008.jpg,8
casaba\009.jpg,8
casaba\010.jpg,8
casaba\011.jpg,8
casaba\012.jpg,8
casaba\013.jpg,8
casaba\014.jpg,8
casaba\015.jpg,8
casaba\016.jpg,8
casaba\017.jpg,8
casaba\018.jpg,8
casaba\019.jpg,8
casaba\020.jpg,8
casaba\021.jpg,8
casaba\022.jpg,8
casaba\023.jpg,8
casaba\024.jpg,8
casaba\025.jpg,8
casaba\026.jpg,8
casaba\027.jpg,8
casaba\028.jpg,8
casaba\029.jpg,8
casaba\030.jpg,8
casaba\031.jpg,8
casaba\032.jpg,8
casaba\033.jpg,8
casaba\034.jpg,8
casaba\035.jpg,8
casaba\036.jpg,8
casaba\037.jpg,8
casaba\038.jpg,8
casaba\039.jpg,8
casaba\040.jpg,8
casaba\041.jpg,8
casaba\042.jpg,8
casaba\043.jpg,8
casaba\044.jpg,8
casaba\045.jpg,8
casaba\046.jpg,8
casaba\047.jpg,8
casaba\048.jpg,8
casaba\049.jpg,8
casaba\050.jpg,8
casaba\051.jpg,8
casaba\052.jpg,8
casaba\053.jpg,8
casaba\054.jpg,8
casaba\055.jpg,8
casaba\056.jpg,8
casaba\057.jpg,8
casaba\058.jpg,8
casaba\059.jpg,8
casaba\060.jpg,8
casaba\061.jpg,8
casaba\062.jpg,8
casaba\063.jpg,8
casaba\064.jpg,8
casaba\065.jpg,8
casaba\066.jpg,8
casaba\067.jpg,8
casaba\068.jpg,8
casaba\069.jpg,8
casaba\070.jpg,8
casaba\071.jpg,8
casaba\072.jpg,8
casaba\073.jpg,8
casaba\074.jpg,8
casaba\075.jpg,8
casaba\076.jpg,8
casaba\077.jpg,8
casaba\078.jpg,8
casaba\079.jpg,8
casaba\080.jpg,8
casaba\081.jpg,8
casaba\082.jpg,8
casaba\083.jpg,8
casaba\084.jpg,8
casaba\085.jpg,8
casaba\086.jpg,8
casaba\087.jpg,8
casaba\088.jpg,8
casaba\089.jpg,8
casaba\090.jpg,8
casaba\091.jpg,8
casaba\092.jpg,8
casaba\093.jpg,8
casaba\094.jpg,8
casaba\095.jpg,8
casaba\096.jpg,8
casaba\097.jpg,8
casaba\098.jpg,8
casaba\099.jpg,8
casaba\100.jpg,8
casaba\101.jpg,8
casaba\102.jpg,8
casaba\103.jpg,8
casaba\104.jpg,8
casaba\105.jpg,8
casaba\106.jpg,8
casaba\107.jpg,8
casaba\108.jpg,8
casaba\109.jpg,8
casaba\110.jpg,8
casaba\111.jpg,8
casaba\112.jpg,8
casaba\113.jpg,8
casaba\114.jpg,8
casaba\115.jpg,8
casaba\116.jpg,8
casaba\117.jpg,8
casaba\118.jpg,8
casaba\119.jpg,8
casaba\120.jpg,8
casaba\121.jpg,8
casaba\122.jpg,8
casaba\123.jpg,8
casaba\124.jpg,8
casaba\125.jpg,8
casaba\126.jpg,8
casaba\127.jpg,8
casaba\128.jpg,8
casaba\129.jpg,8
casaba\130.jpg,8
casaba\131.jpg,8
casaba\132.jpg,8
casaba\133.jpg,8
casaba\134.jpg,8
casaba\135.jpg,8
casaba\136.jpg,8
casaba\137.jpg,8
casaba\138.jpg,8
casaba\139.jpg,8
casaba\140.jpg,8
casaba\141.jpg,8
casaba\142.jpg,8
casaba\143.jpg,8
casaba\144.jpg,8
casaba\145.jpg,8
casaba\146.jpg,8
casaba\147.jpg,8
casaba\148.jpg,8
casaba\149.jpg,8
casaba\150.jpg,8
casaba\151.jpg,8
casaba\152.jpg,8
casaba\153.jpg,8
casaba\154.jpg,8
casaba\155.jpg,8
casaba\156.jpg,8
casaba\157.jpg,8
casaba\158.jpg,8
casaba\159.jpg,8
casaba\160.jpg,8
casaba\161.jpg,8
casaba\162.jpg,8
casaba\163.jpg,8
casaba\164.jpg,8
casaba\165.jpg,8
casaba\166.jpg,8
casaba\167.jpg,8
casaba\168.jpg,8
casaba\169.jpg,8
casaba\170.jpg,8
casaba\171.jpg,8
casaba\172.jpg,8
casaba\173.jpg,8
casaba\174.jpg,8
casaba\175.jpg,8
casaba\176.jpg,8
casaba\177.jpg,8
casaba\178.jpg,8
casaba\179.jpg,8
casaba\180.jpg,8
casaba\181.jpg,8
casaba\182.jpg,8
casaba\183.jpg,8
casaba\184.jpg,8
casaba\185.jpg,8
casaba\186.jpg,8
casaba\187.jpg,8
casaba\188.jpg,8
casaba\189.jpg,8
casaba\190.jpg,8
casaba\191.jpg,8
casaba\192.jpg,8
casaba\193.jpg,8
casaba\194.jpg,8
casaba\195.jpg,8
casaba\196.jpg,8
casaba\197.jpg,8
casaba\198.jpg,8
casaba\199.jpg,8
casaba\200.jpg,8
casaba\201.jpg,8
casaba\202.jpg,8
casaba\203.jpg,8
casaba\204.jpg,8
casaba\205.jpg,8
casaba\206.jpg,8
casaba\207.jpg,8
casaba\208.jpg,8
casaba\209.jpg,8
casaba\210.jpg,8
casaba\211.jpg,8
casaba\212.jpg,8
casaba\213.jpg,8
casaba\214.jpg,8
casaba\215.jpg,8
casaba\216.jpg,8
casaba\217.jpg,8
casaba\218.jpg,8
castanets\001.jpg,9
castanets\002.jpg,9
castanets\003.jpg,9
castanets\004.jpg,9
castanets\005.jpg,9
castanets\006.jpg,9
castanets\007.jpg,9
castanets\008.jpg,9
castanets\009.jpg,9
castanets\010.jpg,9
castanets\011.jpg,9
castanets\012.jpg,9
castanets\013.jpg,9
castanets\014.jpg,9
castanets\015.jpg,9
castanets\016.jpg,9
castanets\017.jpg,9
castanets\018.jpg,9
castanets\019.jpg,9
castanets\020.jpg,9
castanets\021.jpg,9
castanets\022.jpg,9
castanets\023.jpg,9
castanets\024.jpg,9
castanets\025.jpg,9
castanets\026.jpg,9
castanets\027.jpg,9
castanets\028.jpg,9
castanets\029.jpg,9
castanets\030.jpg,9
castanets\031.jpg,9
castanets\032.jpg,9
castanets\033.jpg,9
castanets\034.jpg,9
castanets\035.jpg,9
castanets\036.jpg,9
castanets\037.jpg,9
castanets\038.jpg,9
castanets\039.jpg,9
castanets\040.jpg,9
castanets\041.jpg,9
castanets\042.jpg,9
castanets\043.jpg,9
castanets\044.jpg,9
castanets\045.jpg,9
castanets\046.jpg,9
castanets\047.jpg,9
castanets\048.jpg,9
castanets\049.jpg,9
castanets\050.jpg,9
castanets\051.jpg,9
castanets\052.jpg,9
castanets\053.jpg,9
castanets\054.jpg,9
castanets\055.jpg,9
castanets\056.jpg,9
castanets\057.jpg,9
castanets\058.jpg,9
castanets\059.jpg,9
castanets\060.jpg,9
castanets\061.jpg,9
castanets\062.jpg,9
castanets\063.jpg,9
castanets\064.jpg,9
castanets\065.jpg,9
castanets\066.jpg,9
castanets\067.jpg,9
castanets\068.jpg,9
castanets\069.jpg,9
castanets\070.jpg,9
castanets\071.jpg,9
castanets\072.jpg,9
castanets\073.jpg,9
castanets\074.jpg,9
castanets\075.jpg,9
castanets\076.jpg,9
castanets\077.jpg,9
castanets\078.jpg,9
castanets\079.jpg,9
castanets\080.jpg,9
castanets\081.jpg,9
castanets\082.jpg,9
castanets\083.jpg,9
castanets\084.jpg,9
castanets\085.jpg,9
castanets\086.jpg,9
castanets\087.jpg,9
castanets\088.jpg,9
castanets\089.jpg,9
castanets\090.jpg,9
castanets\091.jpg,9
castanets\092.jpg,9
castanets\093.jpg,9
castanets\094.jpg,9
castanets\095.jpg,9
castanets\096.jpg,9
castanets\097.jpg,9
castanets\098.jpg,9
castanets\099.jpg,9
castanets\100.jpg,9
castanets\101.jpg,9
castanets\102.jpg,9
castanets\103.jpg,9
castanets\104.jpg,9
castanets\105.jpg,9
castanets\106.jpg,9
castanets\107.jpg,9
castanets\108.jpg,9
castanets\109.jpg,9
castanets\110.jpg,9
castanets\111.jpg,9
castanets\112.jpg,9
castanets\113.jpg,9
castanets\114.jpg,9
castanets\115.jpg,9
castanets\116.jpg,9
castanets\117.jpg,9
castanets\118.jpg,9
castanets\119.jpg,9
castanets\120.jpg,9
castanets\121.jpg,9
castanets\122.jpg,9
castanets\123.jpg,9
castanets\124.jpg,9
castanets\125.jpg,9
castanets\126.jpg,9
castanets\127.jpg,9
castanets\128.jpg,9
castanets\129.jpg,9
castanets\130.jpg,9
clarinet\001.jpg,10
clarinet\002.jpg,10
clarinet\003.jpg,10
clarinet\004.jpg,10
clarinet\005.jpg,10
clarinet\006.jpg,10
clarinet\007.jpg,10
clarinet\008.jpg,10
clarinet\009.jpg,10
clarinet\010.jpg,10
clarinet\011.jpg,10
clarinet\012.jpg,10
clarinet\013.jpg,10
clarinet\014.jpg,10
clarinet\015.jpg,10
clarinet\016.jpg,10
clarinet\017.jpg,10
clarinet\018.jpg,10
clarinet\019.jpg,10
clarinet\020.jpg,10
clarinet\021.jpg,10
clarinet\022.jpg,10
clarinet\023.jpg,10
clarinet\024.jpg,10
clarinet\025.jpg,10
clarinet\026.jpg,10
clarinet\027.jpg,10
clarinet\028.jpg,10
clarinet\029.jpg,10
clarinet\030.jpg,10
clarinet\031.jpg,10
clarinet\032.jpg,10
clarinet\033.jpg,10
clarinet\034.jpg,10
clarinet\035.jpg,10
clarinet\036.jpg,10
clarinet\037.jpg,10
clarinet\038.jpg,10
clarinet\039.jpg,10
clarinet\040.jpg,10
clarinet\041.jpg,10
clarinet\042.jpg,10
clarinet\043.jpg,10
clarinet\044.jpg,10
clarinet\045.jpg,10
clarinet\046.jpg,10
clarinet\047.jpg,10
clarinet\048.jpg,10
clarinet\049.jpg,10
clarinet\050.jpg,10
clarinet\051.jpg,10
clarinet\052.jpg,10
clarinet\053.jpg,10
clarinet\054.jpg,10
clarinet\055.jpg,10
clarinet\056.jpg,10
clarinet\057.jpg,10
clarinet\058.jpg,10
clarinet\059.jpg,10
clarinet\060.jpg,10
clarinet\061.jpg,10
clarinet\062.jpg,10
clarinet\063.jpg,10
clarinet\064.jpg,10
clarinet\065.jpg,10
clarinet\066.jpg,10
clarinet\067.jpg,10
clarinet\068.jpg,10
clarinet\069.jpg,10
clarinet\070.jpg,10
clarinet\071.jpg,10
clarinet\072.jpg,10
clarinet\073.jpg,10
clarinet\074.jpg,10
clarinet\075.jpg,10
clarinet\076.jpg,10
clarinet\077.jpg,10
clarinet\078.jpg,10
clarinet\079.jpg,10
clarinet\080.jpg,10
clarinet\081.jpg,10
clarinet\082.jpg,10
clarinet\083.jpg,10
clarinet\084.jpg,10
clarinet\085.jpg,10
clarinet\086.jpg,10
clarinet\087.jpg,10
clarinet\088.jpg,10
clarinet\089.jpg,10
clarinet\090.jpg,10
clarinet\091.jpg,10
clarinet\092.jpg,10
clarinet\093.jpg,10
clarinet\094.jpg,10
clarinet\095.jpg,10
clarinet\096.jpg,10
clarinet\097.jpg,10
clarinet\098.jpg,10
clarinet\099.jpg,10
clarinet\100.jpg,10
clarinet\101.jpg,10
clarinet\102.jpg,10
clarinet\103.jpg,10
clarinet\104.jpg,10
clarinet\105.jpg,10
clarinet\106.jpg,10
clarinet\107.jpg,10
clarinet\108.jpg,10
clarinet\109.jpg,10
clarinet\110.jpg,10
clarinet\111.jpg,10
clarinet\112.jpg,10
clarinet\113.jpg,10
clarinet\114.jpg,10
clarinet\115.jpg,10
clarinet\116.jpg,10
clarinet\117.jpg,10
clarinet\118.jpg,10
clarinet\119.jpg,10
clarinet\120.jpg,10
clarinet\121.jpg,10
clarinet\122.jpg,10
clarinet\123.jpg,10
clarinet\124.jpg,10
clarinet\125.jpg,10
clarinet\126.jpg,10
clarinet\127.jpg,10
clarinet\128.jpg,10
clarinet\129.jpg,10
clarinet\130.jpg,10
clarinet\131.jpg,10
clarinet\132.jpg,10
clarinet\133.jpg,10
clavichord\001.jpg,11
clavichord\002.jpg,11
clavichord\003.jpg,11
clavichord\004.jpg,11
clavichord\005.jpg,11
clavichord\006.jpg,11
clavichord\007.jpg,11
clavichord\008.jpg,11
clavichord\009.jpg,11
clavichord\010.jpg,11
clavichord\011.jpg,11
clavichord\012.jpg,11
clavichord\013.jpg,11
clavichord\014.jpg,11
clavichord\015.jpg,11
clavichord\016.jpg,11
clavichord\017.jpg,11
clavichord\018.jpg,11
clavichord\019.jpg,11
clavichord\020.jpg,11
clavichord\021.jpg,11
clavichord\022.jpg,11
clavichord\023.jpg,11
clavichord\024.jpg,11
clavichord\025.jpg,11
clavichord\026.jpg,11
clavichord\027.jpg,11
clavichord\028.jpg,11
clavichord\029.jpg,11
clavichord\030.jpg,11
clavichord\031.jpg,11
clavichord\032.jpg,11
clavichord\033.jpg,11
clavichord\034.jpg,11
clavichord\035.jpg,11
clavichord\036.jpg,11
clavichord\037.jpg,11
clavichord\038.jpg,11
clavichord\039.jpg,11
clavichord\040.jpg,11
clavichord\041.jpg,11
clavichord\042.jpg,11
clavichord\043.jpg,11
clavichord\044.jpg,11
clavichord\045.jpg,11
clavichord\046.jpg,11
clavichord\047.jpg,11
clavichord\048.jpg,11
clavichord\049.jpg,11
clavichord\050.jpg,11
clavichord\051.jpg,11
clavichord\052.jpg,11
clavichord\053.jpg,11
clavichord\054.jpg,11
clavichord\055.jpg,11
clavichord\056.jpg,11
clavichord\057.jpg,11
clavichord\058.jpg,11
clavichord\059.jpg,11
clavichord\060.jpg,11
clavichord\061.jpg,11
clavichord\062.jpg,11
clavichord\063.jpg,11
clavichord\064.jpg,11
clavichord\065.jpg,11
clavichord\066.jpg,11
clavichord\067.jpg,11
clavichord\068.jpg,11
clavichord\069.jpg,11
clavichord\070.jpg,11
clavichord\071.jpg,11
clavichord\072.jpg,11
clavichord\073.jpg,11
clavichord\074.jpg,11
clavichord\075.jpg,11
clavichord\076.jpg,11
clavichord\077.jpg,11
clavichord\078.jpg,11
clavichord\079.jpg,11
clavichord\080.jpg,11
clavichord\081.jpg,11
clavichord\082.jpg,11
clavichord\083.jpg,11
clavichord\084.jpg,11
clavichord\085.jpg,11
clavichord\086.jpg,11
clavichord\087.jpg,11
clavichord\088.jpg,11
clavichord\089.jpg,11
clavichord\090.jpg,11
clavichord\091.jpg,11
clavichord\092.jpg,11
clavichord\093.jpg,11
clavichord\094.jpg,11
clavichord\095.jpg,11
clavichord\096.jpg,11
clavichord\097.jpg,11
clavichord\098.jpg,11
clavichord\099.jpg,11
clavichord\100.jpg,11
clavichord\101.jpg,11
clavichord\102.jpg,11
clavichord\103.jpg,11
clavichord\104.jpg,11
clavichord\105.jpg,11
clavichord\106.jpg,11
clavichord\107.jpg,11
clavichord\108.jpg,11
clavichord\109.jpg,11
clavichord\110.jpg,11
clavichord\111.jpg,11
clavichord\112.jpg,11
clavichord\113.jpg,11
clavichord\114.jpg,11
clavichord\115.jpg,11
clavichord\116.jpg,11
clavichord\117.jpg,11
clavichord\118.jpg,11
clavichord\119.jpg,11
clavichord\120.jpg,11
clavichord\121.jpg,11
clavichord\122.jpg,11
clavichord\123.jpg,11
clavichord\124.jpg,11
clavichord\125.jpg,11
clavichord\126.jpg,11
clavichord\127.jpg,11
clavichord\128.jpg,11
clavichord\129.jpg,11
clavichord\130.jpg,11
clavichord\131.jpg,11
clavichord\132.jpg,11
clavichord\133.jpg,11
clavichord\134.jpg,11
clavichord\135.jpg,11
clavichord\136.jpg,11
clavichord\137.jpg,11
clavichord\138.jpg,11
clavichord\139.jpg,11
clavichord\140.jpg,11
clavichord\141.jpg,11
clavichord\142.jpg,11
clavichord\143.jpg,11
clavichord\144.jpg,11
clavichord\145.jpg,11
clavichord\146.jpg,11
clavichord\147.jpg,11
clavichord\148.jpg,11
clavichord\149.jpg,11
clavichord\150.jpg,11
clavichord\151.jpg,11
clavichord\152.jpg,11
clavichord\153.jpg,11
clavichord\154.jpg,11
clavichord\155.jpg,11
clavichord\156.jpg,11
clavichord\157.jpg,11
clavichord\158.jpg,11
clavichord\159.jpg,11
clavichord\160.jpg,11
clavichord\161.jpg,11
clavichord\162.jpg,11
clavichord\163.jpg,11
clavichord\164.jpg,11
clavichord\165.jpg,11
clavichord\166.jpg,11
clavichord\167.jpg,11
clavichord\168.jpg,11
clavichord\169.jpg,11
clavichord\170.jpg,11
clavichord\171.jpg,11
clavichord\172.jpg,11
clavichord\173.jpg,11
clavichord\174.jpg,11
clavichord\175.jpg,11
clavichord\176.jpg,11
clavichord\177.jpg,11
clavichord\178.jpg,11
clavichord\179.jpg,11
clavichord\180.jpg,11
clavichord\181.jpg,11
clavichord\182.jpg,11
clavichord\183.jpg,11
clavichord\184.jpg,11
clavichord\185.jpg,11
clavichord\186.jpg,11
clavichord\187.jpg,11
clavichord\188.jpg,11
clavichord\189.jpg,11
clavichord\190.jpg,11
clavichord\191.jpg,11
clavichord\192.jpg,11
clavichord\193.jpg,11
clavichord\194.jpg,11
clavichord\195.jpg,11
clavichord\196.jpg,11
clavichord\197.jpg,11
clavichord\198.jpg,11
clavichord\199.jpg,11
clavichord\200.jpg,11
clavichord\201.jpg,11
clavichord\202.jpg,11
clavichord\203.jpg,11
clavichord\204.jpg,11
clavichord\205.jpg,11
clavichord\206.jpg,11
clavichord\207.jpg,11
concertina\001.jpg,12
concertina\002.jpg,12
concertina\003.jpg,12
concertina\004.jpg,12
concertina\005.jpg,12
concertina\006.jpg,12
concertina\007.jpg,12
concertina\008.jpg,12
concertina\009.jpg,12
concertina\010.jpg,12
concertina\011.jpg,12
concertina\012.jpg,12
concertina\013.jpg,12
concertina\014.jpg,12
concertina\015.jpg,12
concertina\016.jpg,12
concertina\017.jpg,12
concertina\018.jpg,12
concertina\019.jpg,12
concertina\020.jpg,12
concertina\021.jpg,12
concertina\022.jpg,12
concertina\023.jpg,12
concertina\024.jpg,12
concertina\025.jpg,12
concertina\026.jpg,12
concertina\027.jpg,12
concertina\028.jpg,12
concertina\029.jpg,12
concertina\030.jpg,12
concertina\031.jpg,12
concertina\032.jpg,12
concertina\033.jpg,12
concertina\034.jpg,12
concertina\035.jpg,12
concertina\036.jpg,12
concertina\037.jpg,12
concertina\038.jpg,12
concertina\039.jpg,12
concertina\040.jpg,12
concertina\041.jpg,12
concertina\042.jpg,12
concertina\043.jpg,12
concertina\044.jpg,12
concertina\045.jpg,12
concertina\046.jpg,12
concertina\047.jpg,12
concertina\048.jpg,12
concertina\049.jpg,12
concertina\050.jpg,12
concertina\051.jpg,12
concertina\052.jpg,12
concertina\053.jpg,12
concertina\054.jpg,12
concertina\055.jpg,12
concertina\056.jpg,12
concertina\057.jpg,12
concertina\058.jpg,12
concertina\059.jpg,12
concertina\060.jpg,12
concertina\061.jpg,12
concertina\062.jpg,12
concertina\063.jpg,12
concertina\064.jpg,12
concertina\065.jpg,12
concertina\066.jpg,12
concertina\067.jpg,12
concertina\068.jpg,12
concertina\069.jpg,12
concertina\070.jpg,12
concertina\071.jpg,12
concertina\072.jpg,12
concertina\073.jpg,12
concertina\074.jpg,12
concertina\075.jpg,12
concertina\076.jpg,12
concertina\077.jpg,12
concertina\078.jpg,12
concertina\079.jpg,12
concertina\080.jpg,12
concertina\081.jpg,12
concertina\082.jpg,12
concertina\083.jpg,12
concertina\084.jpg,12
concertina\085.jpg,12
concertina\086.jpg,12
concertina\087.jpg,12
concertina\088.jpg,12
concertina\089.jpg,12
concertina\090.jpg,12
concertina\091.jpg,12
concertina\092.jpg,12
concertina\093.jpg,12
concertina\094.jpg,12
concertina\095.jpg,12
concertina\096.jpg,12
concertina\097.jpg,12
concertina\098.jpg,12
concertina\099.jpg,12
concertina\100.jpg,12
concertina\101.jpg,12
concertina\102.jpg,12
concertina\103.jpg,12
concertina\104.jpg,12
concertina\105.jpg,12
concertina\106.jpg,12
concertina\107.jpg,12
concertina\108.jpg,12
concertina\109.jpg,12
concertina\110.jpg,12
concertina\111.jpg,12
concertina\112.jpg,12
concertina\113.jpg,12
concertina\114.jpg,12
concertina\115.jpg,12
concertina\116.jpg,12
concertina\117.jpg,12
concertina\118.jpg,12
concertina\119.jpg,12
concertina\120.jpg,12
concertina\121.jpg,12
concertina\122.jpg,12
concertina\123.jpg,12
concertina\124.jpg,12
concertina\125.jpg,12
concertina\126.jpg,12
concertina\127.jpg,12
concertina\128.jpg,12
concertina\129.jpg,12
concertina\130.jpg,12
concertina\131.jpg,12
concertina\132.jpg,12
concertina\133.jpg,12
concertina\134.jpg,12
concertina\135.jpg,12
concertina\136.jpg,12
concertina\137.jpg,12
concertina\138.jpg,12
concertina\139.jpg,12
concertina\140.jpg,12
concertina\141.jpg,12
concertina\142.jpg,12
concertina\143.jpg,12
concertina\144.jpg,12
concertina\145.jpg,12
concertina\146.jpg,12
concertina\147.jpg,12
concertina\148.jpg,12
concertina\149.jpg,12
concertina\150.jpg,12
concertina\151.jpg,12
concertina\152.jpg,12
drums\001.jpg,13
drums\002.jpg,13
drums\003.jpg,13
drums\004.jpg,13
drums\005.jpg,13
drums\006.jpg,13
drums\007.jpg,13
drums\008.jpg,13
drums\009.jpg,13
drums\010.jpg,13
drums\011.jpg,13
drums\012.jpg,13
drums\013.jpg,13
drums\014.jpg,13
drums\015.jpg,13
drums\016.jpg,13
drums\017.jpg,13
drums\018.jpg,13
drums\019.jpg,13
drums\020.jpg,13
drums\021.jpg,13
drums\022.jpg,13
drums\023.jpg,13
drums\024.jpg,13
drums\025.jpg,13
drums\026.jpg,13
drums\027.jpg,13
drums\028.jpg,13
drums\029.jpg,13
drums\030.jpg,13
drums\031.jpg,13
drums\032.jpg,13
drums\033.jpg,13
drums\034.jpg,13
drums\035.jpg,13
drums\036.jpg,13
drums\037.jpg,13
drums\038.jpg,13
drums\039.jpg,13
drums\040.jpg,13
drums\041.jpg,13
drums\042.jpg,13
drums\043.jpg,13
drums\044.jpg,13
drums\045.jpg,13
drums\046.jpg,13
drums\047.jpg,13
drums\048.jpg,13
drums\049.jpg,13
drums\050.jpg,13
drums\051.jpg,13
drums\052.jpg,13
drums\053.jpg,13
drums\054.jpg,13
drums\055.jpg,13
drums\056.jpg,13
drums\057.jpg,13
drums\058.jpg,13
drums\059.jpg,13
drums\060.jpg,13
drums\061.jpg,13
drums\062.jpg,13
drums\063.jpg,13
drums\064.jpg,13
drums\065.jpg,13
drums\066.jpg,13
drums\067.jpg,13
drums\068.jpg,13
drums\069.jpg,13
drums\070.jpg,13
drums\071.jpg,13
drums\072.jpg,13
drums\073.jpg,13
drums\074.jpg,13
drums\075.jpg,13
drums\076.jpg,13
drums\077.jpg,13
drums\078.jpg,13
drums\079.jpg,13
drums\080.jpg,13
drums\081.jpg,13
drums\082.jpg,13
drums\083.jpg,13
drums\084.jpg,13
drums\085.jpg,13
drums\086.jpg,13
drums\087.jpg,13
drums\088.jpg,13
drums\089.jpg,13
drums\090.jpg,13
drums\091.jpg,13
drums\092.jpg,13
drums\093.jpg,13
drums\094.jpg,13
drums\095.jpg,13
drums\096.jpg,13
drums\097.jpg,13
drums\098.jpg,13
drums\099.jpg,13
drums\100.jpg,13
drums\101.jpg,13
drums\102.jpg,13
drums\103.jpg,13
drums\104.jpg,13
drums\105.jpg,13
drums\106.jpg,13
drums\107.jpg,13
drums\108.jpg,13
drums\109.jpg,13
drums\110.jpg,13
drums\111.jpg,13
drums\112.jpg,13
drums\113.jpg,13
drums\114.jpg,13
drums\115.jpg,13
drums\116.jpg,13
drums\117.jpg,13
drums\118.jpg,13
drums\119.jpg,13
drums\120.jpg,13
drums\121.jpg,13
drums\122.jpg,13
drums\123.jpg,13
drums\124.jpg,13
drums\125.jpg,13
drums\126.jpg,13
drums\127.jpg,13
drums\128.jpg,13
drums\129.jpg,13
drums\130.jpg,13
drums\131.jpg,13
drums\132.jpg,13
drums\133.jpg,13
drums\134.jpg,13
drums\135.jpg,13
drums\136.jpg,13
drums\137.jpg,13
drums\138.jpg,13
drums\139.jpg,13
drums\140.jpg,13
drums\141.jpg,13
drums\142.jpg,13
drums\143.jpg,13
drums\144.jpg,13
drums\145.jpg,13
drums\146.jpg,13
drums\147.jpg,13
drums\148.jpg,13
drums\149.jpg,13
drums\150.jpg,13
drums\151.jpg,13
drums\152.jpg,13
drums\153.jpg,13
drums\154.jpg,13
drums\155.jpg,13
drums\156.jpg,13
drums\157.jpg,13
drums\158.jpg,13
drums\159.jpg,13
drums\160.jpg,13
drums\161.jpg,13
drums\162.jpg,13
drums\163.jpg,13
drums\164.jpg,13
drums\165.jpg,13
drums\166.jpg,13
drums\167.jpg,13
drums\168.jpg,13
drums\169.jpg,13
drums\170.jpg,13
drums\171.jpg,13
drums\172.jpg,13
drums\173.jpg,13
drums\174.jpg,13
drums\175.jpg,13
drums\176.jpg,13
drums\177.jpg,13
drums\178.jpg,13
drums\179.jpg,13
drums\180.jpg,13
drums\181.jpg,13
drums\182.jpg,13
drums\183.jpg,13
drums\184.jpg,13
dulcimer\001.jpg,14
dulcimer\002.jpg,14
dulcimer\003.jpg,14
dulcimer\004.jpg,14
dulcimer\005.jpg,14
dulcimer\006.jpg,14
dulcimer\007.jpg,14
dulcimer\008.jpg,14
dulcimer\009.jpg,14
dulcimer\010.jpg,14
dulcimer\011.jpg,14
dulcimer\012.jpg,14
dulcimer\013.jpg,14
dulcimer\014.jpg,14
dulcimer\015.jpg,14
dulcimer\016.jpg,14
dulcimer\017.jpg,14
dulcimer\018.jpg,14
dulcimer\019.jpg,14
dulcimer\020.jpg,14
dulcimer\021.jpg,14
dulcimer\022.jpg,14
dulcimer\023.jpg,14
dulcimer\024.jpg,14
dulcimer\025.jpg,14
dulcimer\026.jpg,14
dulcimer\027.jpg,14
dulcimer\028.jpg,14
dulcimer\029.jpg,14
dulcimer\030.jpg,14
dulcimer\031.jpg,14
dulcimer\032.jpg,14
dulcimer\033.jpg,14
dulcimer\034.jpg,14
dulcimer\035.jpg,14
dulcimer\036.jpg,14
dulcimer\037.jpg,14
dulcimer\038.jpg,14
dulcimer\039.jpg,14
dulcimer\040.jpg,14
dulcimer\041.jpg,14
dulcimer\042.jpg,14
dulcimer\043.jpg,14
dulcimer\044.jpg,14
dulcimer\045.jpg,14
dulcimer\046.jpg,14
dulcimer\047.jpg,14
dulcimer\048.jpg,14
dulcimer\049.jpg,14
dulcimer\050.jpg,14
dulcimer\051.jpg,14
dulcimer\052.jpg,14
dulcimer\053.jpg,14
dulcimer\054.jpg,14
dulcimer\055.jpg,14
dulcimer\056.jpg,14
dulcimer\057.jpg,14
dulcimer\058.jpg,14
dulcimer\059.jpg,14
dulcimer\060.jpg,14
dulcimer\061.jpg,14
dulcimer\062.jpg,14
dulcimer\063.jpg,14
dulcimer\064.jpg,14
dulcimer\065.jpg,14
dulcimer\066.jpg,14
dulcimer\067.jpg,14
dulcimer\068.jpg,14
dulcimer\069.jpg,14
dulcimer\070.jpg,14
dulcimer\071.jpg,14
dulcimer\072.jpg,14
dulcimer\073.jpg,14
dulcimer\074.jpg,14
dulcimer\075.jpg,14
dulcimer\076.jpg,14
dulcimer\077.jpg,14
dulcimer\078.jpg,14
dulcimer\079.jpg,14
dulcimer\080.jpg,14
dulcimer\081.jpg,14
dulcimer\082.jpg,14
dulcimer\083.jpg,14
dulcimer\084.jpg,14
dulcimer\085.jpg,14
dulcimer\086.jpg,14
dulcimer\087.jpg,14
dulcimer\088.jpg,14
dulcimer\089.jpg,14
dulcimer\090.jpg,14
dulcimer\091.jpg,14
dulcimer\092.jpg,14
dulcimer\093.jpg,14
dulcimer\094.jpg,14
dulcimer\095.jpg,14
dulcimer\096.jpg,14
dulcimer\097.jpg,14
dulcimer\098.jpg,14
dulcimer\099.jpg,14
dulcimer\100.jpg,14
dulcimer\101.jpg,14
dulcimer\102.jpg,14
dulcimer\103.jpg,14
dulcimer\104.jpg,14
dulcimer\105.jpg,14
dulcimer\106.jpg,14
dulcimer\107.jpg,14
dulcimer\108.jpg,14
dulcimer\109.jpg,14
dulcimer\110.jpg,14
dulcimer\111.jpg,14
dulcimer\112.jpg,14
dulcimer\113.jpg,14
dulcimer\114.jpg,14
dulcimer\115.jpg,14
dulcimer\116.jpg,14
dulcimer\117.jpg,14
dulcimer\118.jpg,14
dulcimer\119.jpg,14
dulcimer\120.jpg,14
dulcimer\121.jpg,14
dulcimer\122.jpg,14
dulcimer\123.jpg,14
dulcimer\124.jpg,14
dulcimer\125.jpg,14
dulcimer\126.jpg,14
flute\001.jpg,15
flute\002.jpg,15
flute\003.jpg,15
flute\004.jpg,15
flute\005.jpg,15
flute\006.jpg,15
flute\007.jpg,15
flute\008.jpg,15
flute\009.jpg,15
flute\010.jpg,15
flute\011.jpg,15
flute\012.jpg,15
flute\013.jpg,15
flute\014.jpg,15
flute\015.jpg,15
flute\016.jpg,15
flute\017.jpg,15
flute\018.jpg,15
flute\019.jpg,15
flute\020.jpg,15
flute\021.jpg,15
flute\022.jpg,15
flute\023.jpg,15
flute\024.jpg,15
flute\025.jpg,15
flute\026.jpg,15
flute\027.jpg,15
flute\028.jpg,15
flute\029.jpg,15
flute\030.jpg,15
flute\031.jpg,15
flute\032.jpg,15
flute\033.jpg,15
flute\034.jpg,15
flute\035.jpg,15
flute\036.jpg,15
flute\037.jpg,15
flute\038.jpg,15
flute\039.jpg,15
flute\040.jpg,15
flute\041.jpg,15
flute\042.jpg,15
flute\043.jpg,15
flute\044.jpg,15
flute\045.jpg,15
flute\046.jpg,15
flute\047.jpg,15
flute\048.jpg,15
flute\049.jpg,15
flute\050.jpg,15
flute\051.jpg,15
flute\052.jpg,15
flute\053.jpg,15
flute\054.jpg,15
flute\055.jpg,15
flute\056.jpg,15
flute\057.jpg,15
flute\058.jpg,15
flute\059.jpg,15
flute\060.jpg,15
flute\061.jpg,15
flute\062.jpg,15
flute\063.jpg,15
flute\064.jpg,15
flute\065.jpg,15
flute\066.jpg,15
flute\067.jpg,15
flute\068.jpg,15
flute\069.jpg,15
flute\070.jpg,15
flute\071.jpg,15
flute\072.jpg,15
flute\073.jpg,15
flute\074.jpg,15
flute\075.jpg,15
flute\076.jpg,15
flute\077.jpg,15
flute\078.jpg,15
flute\079.jpg,15
flute\080.jpg,15
flute\081.jpg,15
flute\082.jpg,15
flute\083.jpg,15
flute\084.jpg,15
flute\085.jpg,15
flute\086.jpg,15
flute\087.jpg,15
flute\088.jpg,15
flute\089.jpg,15
flute\090.jpg,15
flute\091.jpg,15
flute\092.jpg,15
flute\093.jpg,15
flute\094.jpg,15
flute\095.jpg,15
flute\096.jpg,15
flute\097.jpg,15
flute\098.jpg,15
flute\099.jpg,15
flute\100.jpg,15
flute\101.jpg,15
flute\102.jpg,15
flute\103.jpg,15
flute\104.jpg,15
flute\105.jpg,15
flute\106.jpg,15
flute\107.jpg,15
flute\108.jpg,15
flute\109.jpg,15
flute\110.jpg,15
flute\111.jpg,15
flute\112.jpg,15
flute\113.jpg,15
flute\114.jpg,15
flute\115.jpg,15
flute\116.jpg,15
flute\117.jpg,15
flute\118.jpg,15
flute\119.jpg,15
flute\120.jpg,15
flute\121.jpg,15
flute\122.jpg,15
flute\123.jpg,15
flute\124.jpg,15
flute\125.jpg,15
flute\126.jpg,15
flute\127.jpg,15
flute\128.jpg,15
flute\129.jpg,15
flute\130.jpg,15
flute\131.jpg,15
flute\132.jpg,15
flute\133.jpg,15
flute\134.jpg,15
flute\135.jpg,15
flute\136.jpg,15
flute\137.jpg,15
flute\138.jpg,15
flute\139.jpg,15
flute\140.jpg,15
flute\141.jpg,15
flute\142.jpg,15
flute\143.jpg,15
flute\144.jpg,15
flute\145.jpg,15
flute\146.jpg,15
flute\147.jpg,15
flute\148.jpg,15
flute\149.jpg,15
flute\150.jpg,15
flute\151.jpg,15
flute\152.jpg,15
flute\153.jpg,15
flute\154.jpg,15
flute\155.jpg,15
flute\156.jpg,15
flute\157.jpg,15
flute\158.jpg,15
flute\159.jpg,15
flute\160.jpg,15
flute\161.jpg,15
flute\162.jpg,15
flute\163.jpg,15
flute\164.jpg,15
flute\165.jpg,15
flute\166.jpg,15
flute\167.jpg,15
flute\168.jpg,15
flute\169.jpg,15
flute\170.jpg,15
flute\171.jpg,15
flute\172.jpg,15
flute\173.jpg,15
flute\174.jpg,15
flute\175.jpg,15
flute\176.jpg,15
flute\177.jpg,15
flute\178.jpg,15
flute\179.jpg,15
flute\180.jpg,15
flute\181.jpg,15
flute\182.jpg,15
flute\183.jpg,15
flute\184.jpg,15
flute\185.jpg,15
flute\186.jpg,15
flute\187.jpg,15
flute\188.jpg,15
flute\189.jpg,15
flute\190.jpg,15
flute\191.jpg,15
flute\192.jpg,15
flute\193.jpg,15
flute\194.jpg,15
guiro\001.jpg,16
guiro\002.jpg,16
guiro\003.jpg,16
guiro\004.jpg,16
guiro\005.jpg,16
guiro\006.jpg,16
guiro\007.jpg,16
guiro\008.jpg,16
guiro\009.jpg,16
guiro\010.jpg,16
guiro\011.jpg,16
guiro\012.jpg,16
guiro\013.jpg,16
guiro\014.jpg,16
guiro\015.jpg,16
guiro\016.jpg,16
guiro\017.jpg,16
guiro\018.jpg,16
guiro\019.jpg,16
guiro\020.jpg,16
guiro\021.jpg,16
guiro\022.jpg,16
guiro\023.jpg,16
guiro\024.jpg,16
guiro\025.jpg,16
guiro\026.jpg,16
guiro\027.jpg,16
guiro\028.jpg,16
guiro\029.jpg,16
guiro\030.jpg,16
guiro\031.jpg,16
guiro\032.jpg,16
guiro\033.jpg,16
guiro\034.jpg,16
guiro\035.jpg,16
guiro\036.jpg,16
guiro\037.jpg,16
guiro\038.jpg,16
guiro\039.jpg,16
guiro\040.jpg,16
guiro\041.jpg,16
guiro\042.jpg,16
guiro\043.jpg,16
guiro\044.jpg,16
guiro\045.jpg,16
guiro\046.jpg,16
guiro\047.jpg,16
guiro\048.jpg,16
guiro\049.jpg,16
guiro\050.jpg,16
guiro\051.jpg,16
guiro\052.jpg,16
guiro\053.jpg,16
guiro\054.jpg,16
guiro\055.jpg,16
guiro\056.jpg,16
guiro\057.jpg,16
guiro\058.jpg,16
guiro\059.jpg,16
guiro\060.jpg,16
guiro\061.jpg,16
guiro\062.jpg,16
guiro\063.jpg,16
guiro\064.jpg,16
guiro\065.jpg,16
guiro\066.jpg,16
guiro\067.jpg,16
guiro\068.jpg,16
guiro\069.jpg,16
guiro\070.jpg,16
guiro\071.jpg,16
guiro\072.jpg,16
guiro\073.jpg,16
guiro\074.jpg,16
guiro\075.jpg,16
guiro\076.jpg,16
guiro\077.jpg,16
guiro\078.jpg,16
guiro\079.jpg,16
guiro\080.jpg,16
guiro\081.jpg,16
guiro\082.jpg,16
guiro\083.jpg,16
guiro\084.jpg,16
guiro\085.jpg,16
guiro\086.jpg,16
guiro\087.jpg,16
guiro\088.jpg,16
guiro\089.jpg,16
guiro\090.jpg,16
guiro\091.jpg,16
guiro\092.jpg,16
guiro\093.jpg,16
guiro\094.jpg,16
guiro\095.jpg,16
guiro\096.jpg,16
guiro\097.jpg,16
guiro\098.jpg,16
guiro\099.jpg,16
guiro\100.jpg,16
guiro\101.jpg,16
guiro\102.jpg,16
guiro\103.jpg,16
guiro\104.jpg,16
guiro\105.jpg,16
guiro\106.jpg,16
guiro\107.jpg,16
guiro\108.jpg,16
guiro\109.jpg,16
guiro\110.jpg,16
guiro\111.jpg,16
guiro\112.jpg,16
guiro\113.jpg,16
guiro\114.jpg,16
guiro\115.jpg,16
guiro\116.jpg,16
guiro\117.jpg,16
guitar\001.jpg,17
guitar\002.jpg,17
guitar\003.jpg,17
guitar\004.jpg,17
guitar\005.jpg,17
guitar\006.jpg,17
guitar\007.jpg,17
guitar\008.jpg,17
guitar\009.jpg,17
guitar\010.jpg,17
guitar\011.jpg,17
guitar\012.jpg,17
guitar\013.jpg,17
guitar\014.jpg,17
guitar\015.jpg,17
guitar\016.jpg,17
guitar\017.jpg,17
guitar\018.jpg,17
guitar\019.jpg,17
guitar\020.jpg,17
guitar\021.jpg,17
guitar\022.jpg,17
guitar\023.jpg,17
guitar\024.jpg,17
guitar\025.jpg,17
guitar\026.jpg,17
guitar\027.jpg,17
guitar\028.jpg,17
guitar\029.jpg,17
guitar\030.jpg,17
guitar\031.jpg,17
guitar\032.jpg,17
guitar\033.jpg,17
guitar\034.jpg,17
guitar\035.jpg,17
guitar\036.jpg,17
guitar\037.jpg,17
guitar\038.jpg,17
guitar\039.jpg,17
guitar\040.jpg,17
guitar\041.jpg,17
guitar\042.jpg,17
guitar\043.jpg,17
guitar\044.jpg,17
guitar\045.jpg,17
guitar\046.jpg,17
guitar\047.jpg,17
guitar\048.jpg,17
guitar\049.jpg,17
guitar\050.jpg,17
guitar\051.jpg,17
guitar\052.jpg,17
guitar\053.jpg,17
guitar\054.jpg,17
guitar\055.jpg,17
guitar\056.jpg,17
guitar\057.jpg,17
guitar\058.jpg,17
guitar\059.jpg,17
guitar\060.jpg,17
guitar\061.jpg,17
guitar\062.jpg,17
guitar\063.jpg,17
guitar\064.jpg,17
guitar\065.jpg,17
guitar\066.jpg,17
guitar\067.jpg,17
guitar\068.jpg,17
guitar\069.jpg,17
guitar\070.jpg,17
guitar\071.jpg,17
guitar\072.jpg,17
guitar\073.jpg,17
guitar\074.jpg,17
guitar\075.jpg,17
guitar\076.jpg,17
guitar\077.jpg,17
guitar\078.jpg,17
guitar\079.jpg,17
guitar\080.jpg,17
guitar\081.jpg,17
guitar\082.jpg,17
guitar\083.jpg,17
guitar\084.jpg,17
guitar\085.jpg,17
guitar\086.jpg,17
guitar\087.jpg,17
guitar\088.jpg,17
guitar\089.jpg,17
guitar\090.jpg,17
guitar\091.jpg,17
guitar\092.jpg,17
guitar\093.jpg,17
guitar\094.jpg,17
guitar\095.jpg,17
guitar\096.jpg,17
guitar\097.jpg,17
guitar\098.jpg,17
guitar\099.jpg,17
guitar\100.jpg,17
guitar\101.jpg,17
guitar\102.jpg,17
guitar\103.jpg,17
guitar\104.jpg,17
guitar\105.jpg,17
guitar\106.jpg,17
guitar\107.jpg,17
guitar\108.jpg,17
guitar\109.jpg,17
guitar\110.jpg,17
guitar\111.jpg,17
guitar\112.jpg,17
guitar\113.jpg,17
guitar\114.jpg,17
guitar\115.jpg,17
guitar\116.jpg,17
guitar\117.jpg,17
guitar\118.jpg,17
guitar\119.jpg,17
guitar\120.jpg,17
guitar\121.jpg,17
guitar\122.jpg,17
guitar\123.jpg,17
guitar\124.jpg,17
guitar\125.jpg,17
guitar\126.jpg,17
guitar\127.jpg,17
guitar\128.jpg,17
guitar\129.jpg,17
guitar\130.jpg,17
guitar\131.jpg,17
guitar\132.jpg,17
guitar\133.jpg,17
guitar\134.jpg,17
guitar\135.jpg,17
guitar\136.jpg,17
guitar\137.jpg,17
harmonica\001.jpg,18
harmonica\002.jpg,18
harmonica\003.jpg,18
harmonica\004.jpg,18
harmonica\005.jpg,18
harmonica\006.jpg,18
harmonica\007.jpg,18
harmonica\008.jpg,18
harmonica\009.jpg,18
harmonica\010.jpg,18
harmonica\011.jpg,18
harmonica\012.jpg,18
harmonica\013.jpg,18
harmonica\014.jpg,18
harmonica\015.jpg,18
harmonica\016.jpg,18
harmonica\017.jpg,18
harmonica\018.jpg,18
harmonica\019.jpg,18
harmonica\020.jpg,18
harmonica\021.jpg,18
harmonica\022.jpg,18
harmonica\023.jpg,18
harmonica\024.jpg,18
harmonica\025.jpg,18
harmonica\026.jpg,18
harmonica\027.jpg,18
harmonica\028.jpg,18
harmonica\029.jpg,18
harmonica\030.jpg,18
harmonica\031.jpg,18
harmonica\032.jpg,18
harmonica\033.jpg,18
harmonica\034.jpg,18
harmonica\035.jpg,18
harmonica\036.jpg,18
harmonica\037.jpg,18
harmonica\038.jpg,18
harmonica\039.jpg,18
harmonica\040.jpg,18
harmonica\041.jpg,18
harmonica\042.jpg,18
harmonica\043.jpg,18
harmonica\044.jpg,18
harmonica\045.jpg,18
harmonica\046.jpg,18
harmonica\047.jpg,18
harmonica\048.jpg,18
harmonica\049.jpg,18
harmonica\050.jpg,18
harmonica\051.jpg,18
harmonica\052.jpg,18
harmonica\053.jpg,18
harmonica\054.jpg,18
harmonica\055.jpg,18
harmonica\056.jpg,18
harmonica\057.jpg,18
harmonica\058.jpg,18
harmonica\059.jpg,18
harmonica\060.jpg,18
harmonica\061.jpg,18
harmonica\062.jpg,18
harmonica\063.jpg,18
harmonica\064.jpg,18
harmonica\065.jpg,18
harmonica\066.jpg,18
harmonica\067.jpg,18
harmonica\068.jpg,18
harmonica\069.jpg,18
harmonica\070.jpg,18
harmonica\071.jpg,18
harmonica\072.jpg,18
harmonica\073.jpg,18
harmonica\074.jpg,18
harmonica\075.jpg,18
harmonica\076.jpg,18
harmonica\077.jpg,18
harmonica\078.jpg,18
harmonica\079.jpg,18
harmonica\080.jpg,18
harmonica\081.jpg,18
harmonica\082.jpg,18
harmonica\083.jpg,18
harmonica\084.jpg,18
harmonica\085.jpg,18
harmonica\086.jpg,18
harmonica\087.jpg,18
harmonica\088.jpg,18
harmonica\089.jpg,18
harmonica\090.jpg,18
harmonica\091.jpg,18
harmonica\092.jpg,18
harmonica\093.jpg,18
harmonica\094.jpg,18
harmonica\095.jpg,18
harmonica\096.jpg,18
harmonica\097.jpg,18
harmonica\098.jpg,18
harmonica\099.jpg,18
harmonica\100.jpg,18
harmonica\101.jpg,18
harmonica\102.jpg,18
harmonica\103.jpg,18
harmonica\104.jpg,18
harmonica\105.jpg,18
harmonica\106.jpg,18
harmonica\107.jpg,18
harmonica\108.jpg,18
harmonica\109.jpg,18
harmonica\110.jpg,18
harmonica\111.jpg,18
harmonica\112.jpg,18
harmonica\113.jpg,18
harmonica\114.jpg,18
harmonica\115.jpg,18
harmonica\116.jpg,18
harmonica\117.jpg,18
harmonica\118.jpg,18
harmonica\119.jpg,18
harmonica\120.jpg,18
harmonica\121.jpg,18
harmonica\122.jpg,18
harmonica\123.jpg,18
harmonica\124.jpg,18
harmonica\125.jpg,18
harmonica\126.jpg,18
harmonica\127.jpg,18
harmonica\128.jpg,18
harmonica\129.jpg,18
harmonica\130.jpg,18
harmonica\131.jpg,18
harmonica\132.jpg,18
harmonica\133.jpg,18
harmonica\134.jpg,18
harmonica\135.jpg,18
harmonica\136.jpg,18
harmonica\137.jpg,18
harmonica\138.jpg,18
harmonica\139.jpg,18
harmonica\140.jpg,18
harmonica\141.jpg,18
harmonica\142.jpg,18
harp\001.jpg,19
harp\002.jpg,19
harp\003.jpg,19
harp\004.jpg,19
harp\005.jpg,19
harp\006.jpg,19
harp\007.jpg,19
harp\008.jpg,19
harp\009.jpg,19
harp\010.jpg,19
harp\011.jpg,19
harp\012.jpg,19
harp\013.jpg,19
harp\014.jpg,19
harp\015.jpg,19
harp\016.jpg,19
harp\017.jpg,19
harp\018.jpg,19
harp\019.jpg,19
harp\020.jpg,19
harp\021.jpg,19
harp\022.jpg,19
harp\023.jpg,19
harp\024.jpg,19
harp\025.jpg,19
harp\026.jpg,19
harp\027.jpg,19
harp\028.jpg,19
harp\029.jpg,19
harp\030.jpg,19
harp\031.jpg,19
harp\032.jpg,19
harp\033.jpg,19
harp\034.jpg,19
harp\035.jpg,19
harp\036.jpg,19
harp\037.jpg,19
harp\038.jpg,19
harp\039.jpg,19
harp\040.jpg,19
harp\041.jpg,19
harp\042.jpg,19
harp\043.jpg,19
harp\044.jpg,19
harp\045.jpg,19
harp\046.jpg,19
harp\047.jpg,19
harp\048.jpg,19
harp\049.jpg,19
harp\050.jpg,19
harp\051.jpg,19
harp\052.jpg,19
harp\053.jpg,19
harp\054.jpg,19
harp\055.jpg,19
harp\056.jpg,19
harp\057.jpg,19
harp\058.jpg,19
harp\059.jpg,19
harp\060.jpg,19
harp\061.jpg,19
harp\062.jpg,19
harp\063.jpg,19
harp\064.jpg,19
harp\065.jpg,19
harp\066.jpg,19
harp\067.jpg,19
harp\068.jpg,19
harp\069.jpg,19
harp\070.jpg,19
harp\071.jpg,19
harp\072.jpg,19
harp\073.jpg,19
harp\074.jpg,19
harp\075.jpg,19
harp\076.jpg,19
harp\077.jpg,19
harp\078.jpg,19
harp\079.jpg,19
harp\080.jpg,19
harp\081.jpg,19
harp\082.jpg,19
harp\083.jpg,19
harp\084.jpg,19
harp\085.jpg,19
harp\086.jpg,19
harp\087.jpg,19
harp\088.jpg,19
harp\089.jpg,19
harp\090.jpg,19
harp\091.jpg,19
harp\092.jpg,19
harp\093.jpg,19
harp\094.jpg,19
harp\095.jpg,19
harp\096.jpg,19
harp\097.jpg,19
harp\098.jpg,19
harp\099.jpg,19
harp\100.jpg,19
harp\101.jpg,19
harp\102.jpg,19
harp\103.jpg,19
harp\104.jpg,19
harp\105.jpg,19
harp\106.jpg,19
harp\107.jpg,19
harp\108.jpg,19
harp\109.jpg,19
harp\110.jpg,19
harp\111.jpg,19
harp\112.jpg,19
harp\113.jpg,19
harp\114.jpg,19
harp\115.jpg,19
harp\116.jpg,19
harp\117.jpg,19
harp\118.jpg,19
harp\119.jpg,19
harp\120.jpg,19
harp\121.jpg,19
harp\122.jpg,19
harp\123.jpg,19
harp\124.jpg,19
harp\125.jpg,19
harp\126.jpg,19
harp\127.jpg,19
harp\128.jpg,19
harp\129.jpg,19
harp\130.jpg,19
harp\131.jpg,19
harp\132.jpg,19
harp\133.jpg,19
harp\134.jpg,19
harp\135.jpg,19
harp\136.jpg,19
harp\137.jpg,19
harp\138.jpg,19
harp\139.jpg,19
harp\140.jpg,19
harp\141.jpg,19
harp\142.jpg,19
harp\143.jpg,19
harp\144.jpg,19
harp\145.jpg,19
harp\146.jpg,19
harp\147.jpg,19
harp\148.jpg,19
harp\149.jpg,19
harp\150.jpg,19
harp\151.jpg,19
harp\152.jpg,19
harp\153.jpg,19
harp\154.jpg,19
harp\155.jpg,19
harp\156.jpg,19
harp\157.jpg,19
harp\158.jpg,19
harp\159.jpg,19
harp\160.jpg,19
harp\161.jpg,19
harp\162.jpg,19
harp\163.jpg,19
harp\164.jpg,19
harp\165.jpg,19
harp\166.jpg,19
harp\167.jpg,19
harp\168.jpg,19
harp\169.jpg,19
harp\170.jpg,19
harp\171.jpg,19
harp\172.jpg,19
harp\173.jpg,19
marakas\001.jpg,20
marakas\002.jpg,20
marakas\003.jpg,20
marakas\004.jpg,20
marakas\005.jpg,20
marakas\006.jpg,20
marakas\007.jpg,20
marakas\008.jpg,20
marakas\009.jpg,20
marakas\010.jpg,20
marakas\011.jpg,20
marakas\012.jpg,20
marakas\013.jpg,20
marakas\014.jpg,20
marakas\015.jpg,20
marakas\016.jpg,20
marakas\017.jpg,20
marakas\018.jpg,20
marakas\019.jpg,20
marakas\020.jpg,20
marakas\021.jpg,20
marakas\022.jpg,20
marakas\023.jpg,20
marakas\024.jpg,20
marakas\025.jpg,20
marakas\026.jpg,20
marakas\027.jpg,20
marakas\028.jpg,20
marakas\029.jpg,20
marakas\030.jpg,20
marakas\031.jpg,20
marakas\032.jpg,20
marakas\033.jpg,20
marakas\034.jpg,20
marakas\035.jpg,20
marakas\036.jpg,20
marakas\037.jpg,20
marakas\038.jpg,20
marakas\039.jpg,20
marakas\040.jpg,20
marakas\041.jpg,20
marakas\042.jpg,20
marakas\043.jpg,20
marakas\044.jpg,20
marakas\045.jpg,20
marakas\046.jpg,20
marakas\047.jpg,20
marakas\048.jpg,20
marakas\049.jpg,20
marakas\050.jpg,20
marakas\051.jpg,20
marakas\052.jpg,20
marakas\053.jpg,20
marakas\054.jpg,20
marakas\055.jpg,20
marakas\056.jpg,20
marakas\057.jpg,20
marakas\058.jpg,20
marakas\059.jpg,20
marakas\060.jpg,20
marakas\061.jpg,20
marakas\062.jpg,20
marakas\063.jpg,20
marakas\064.jpg,20
marakas\065.jpg,20
marakas\066.jpg,20
marakas\067.jpg,20
marakas\068.jpg,20
marakas\069.jpg,20
marakas\070.jpg,20
marakas\071.jpg,20
marakas\072.jpg,20
marakas\073.jpg,20
marakas\074.jpg,20
marakas\075.jpg,20
marakas\076.jpg,20
marakas\077.jpg,20
marakas\078.jpg,20
marakas\079.jpg,20
marakas\080.jpg,20
marakas\081.jpg,20
marakas\082.jpg,20
marakas\083.jpg,20
marakas\084.jpg,20
marakas\085.jpg,20
marakas\086.jpg,20
marakas\087.jpg,20
marakas\088.jpg,20
marakas\089.jpg,20
marakas\090.jpg,20
marakas\091.jpg,20
marakas\092.jpg,20
marakas\093.jpg,20
marakas\094.jpg,20
marakas\095.jpg,20
marakas\096.jpg,20
marakas\097.jpg,20
marakas\098.jpg,20
marakas\099.jpg,20
marakas\100.jpg,20
marakas\101.jpg,20
marakas\102.jpg,20
marakas\103.jpg,20
marakas\104.jpg,20
marakas\105.jpg,20
marakas\106.jpg,20
marakas\107.jpg,20
marakas\108.jpg,20
marakas\109.jpg,20
marakas\110.jpg,20
marakas\111.jpg,20
marakas\112.jpg,20
marakas\113.jpg,20
marakas\114.jpg,20
ocarina\001.jpg,21
ocarina\002.jpg,21
ocarina\003.jpg,21
ocarina\004.jpg,21
ocarina\005.jpg,21
ocarina\006.jpg,21
ocarina\007.jpg,21
ocarina\008.jpg,21
ocarina\009.jpg,21
ocarina\010.jpg,21
ocarina\011.jpg,21
ocarina\012.jpg,21
ocarina\013.jpg,21
ocarina\014.jpg,21
ocarina\015.jpg,21
ocarina\016.jpg,21
ocarina\017.jpg,21
ocarina\018.jpg,21
ocarina\019.jpg,21
ocarina\020.jpg,21
ocarina\021.jpg,21
ocarina\022.jpg,21
ocarina\023.jpg,21
ocarina\024.jpg,21
ocarina\025.jpg,21
ocarina\026.jpg,21
ocarina\027.jpg,21
ocarina\028.jpg,21
ocarina\029.jpg,21
ocarina\030.jpg,21
ocarina\031.jpg,21
ocarina\032.jpg,21
ocarina\033.jpg,21
ocarina\034.jpg,21
ocarina\035.jpg,21
ocarina\036.jpg,21
ocarina\037.jpg,21
ocarina\038.jpg,21
ocarina\039.jpg,21
ocarina\040.jpg,21
ocarina\041.jpg,21
ocarina\042.jpg,21
ocarina\043.jpg,21
ocarina\044.jpg,21
ocarina\045.jpg,21
ocarina\046.jpg,21
ocarina\047.jpg,21
ocarina\048.jpg,21
ocarina\049.jpg,21
ocarina\050.jpg,21
ocarina\051.jpg,21
ocarina\052.jpg,21
ocarina\053.jpg,21
ocarina\054.jpg,21
ocarina\055.jpg,21
ocarina\056.jpg,21
ocarina\057.jpg,21
ocarina\058.jpg,21
ocarina\059.jpg,21
ocarina\060.jpg,21
ocarina\061.jpg,21
ocarina\062.jpg,21
ocarina\063.jpg,21
ocarina\064.jpg,21
ocarina\065.jpg,21
ocarina\066.jpg,21
ocarina\067.jpg,21
ocarina\068.jpg,21
ocarina\069.jpg,21
ocarina\070.jpg,21
ocarina\071.jpg,21
ocarina\072.jpg,21
ocarina\073.jpg,21
ocarina\074.jpg,21
ocarina\075.jpg,21
ocarina\076.jpg,21
ocarina\077.jpg,21
ocarina\078.jpg,21
ocarina\079.jpg,21
ocarina\080.jpg,21
ocarina\081.jpg,21
ocarina\082.jpg,21
ocarina\083.jpg,21
ocarina\084.jpg,21
ocarina\085.jpg,21
ocarina\086.jpg,21
ocarina\087.jpg,21
ocarina\088.jpg,21
ocarina\089.jpg,21
ocarina\090.jpg,21
ocarina\091.jpg,21
ocarina\092.jpg,21
ocarina\093.jpg,21
ocarina\094.jpg,21
ocarina\095.jpg,21
ocarina\096.jpg,21
ocarina\097.jpg,21
ocarina\098.jpg,21
ocarina\099.jpg,21
ocarina\100.jpg,21
ocarina\101.jpg,21
ocarina\102.jpg,21
ocarina\103.jpg,21
ocarina\104.jpg,21
ocarina\105.jpg,21
ocarina\106.jpg,21
ocarina\107.jpg,21
ocarina\108.jpg,21
ocarina\109.jpg,21
ocarina\110.jpg,21
ocarina\111.jpg,21
ocarina\112.jpg,21
ocarina\113.jpg,21
ocarina\114.jpg,21
ocarina\115.jpg,21
ocarina\116.jpg,21
ocarina\117.jpg,21
ocarina\118.jpg,21
ocarina\119.jpg,21
ocarina\120.jpg,21
ocarina\121.jpg,21
ocarina\122.jpg,21
ocarina\123.jpg,21
ocarina\124.jpg,21
ocarina\125.jpg,21
ocarina\126.jpg,21
ocarina\127.jpg,21
piano\001.jpg,22
piano\002.jpg,22
piano\003.jpg,22
piano\004.jpg,22
piano\005.jpg,22
piano\006.jpg,22
piano\007.jpg,22
piano\008.jpg,22
piano\009.jpg,22
piano\010.jpg,22
piano\011.jpg,22
piano\012.jpg,22
piano\013.jpg,22
piano\014.jpg,22
piano\015.jpg,22
piano\016.jpg,22
piano\017.jpg,22
piano\018.jpg,22
piano\019.jpg,22
piano\020.jpg,22
piano\021.jpg,22
piano\022.jpg,22
piano\023.jpg,22
piano\024.jpg,22
piano\025.jpg,22
piano\026.jpg,22
piano\027.jpg,22
piano\028.jpg,22
piano\029.jpg,22
piano\030.jpg,22
piano\031.jpg,22
piano\032.jpg,22
piano\033.jpg,22
piano\034.jpg,22
piano\035.jpg,22
piano\036.jpg,22
piano\037.jpg,22
piano\038.jpg,22
piano\039.jpg,22
piano\040.jpg,22
piano\041.jpg,22
piano\042.jpg,22
piano\043.jpg,22
piano\044.jpg,22
piano\045.jpg,22
piano\046.jpg,22
piano\047.jpg,22
piano\048.jpg,22
piano\049.jpg,22
piano\050.jpg,22
piano\051.jpg,22
piano\052.jpg,22
piano\053.jpg,22
piano\054.jpg,22
piano\055.jpg,22
piano\056.jpg,22
piano\057.jpg,22
piano\058.jpg,22
piano\059.jpg,22
piano\060.jpg,22
piano\061.jpg,22
piano\062.jpg,22
piano\063.jpg,22
piano\064.jpg,22
piano\065.jpg,22
piano\066.jpg,22
piano\067.jpg,22
piano\068.jpg,22
piano\069.jpg,22
piano\070.jpg,22
piano\071.jpg,22
piano\072.jpg,22
piano\073.jpg,22
piano\074.jpg,22
piano\075.jpg,22
piano\076.jpg,22
piano\077.jpg,22
piano\078.jpg,22
piano\079.jpg,22
piano\080.jpg,22
piano\081.jpg,22
piano\082.jpg,22
piano\083.jpg,22
piano\084.jpg,22
piano\085.jpg,22
piano\086.jpg,22
piano\087.jpg,22
piano\088.jpg,22
piano\089.jpg,22
piano\090.jpg,22
piano\091.jpg,22
piano\092.jpg,22
piano\093.jpg,22
piano\094.jpg,22
piano\095.jpg,22
piano\096.jpg,22
piano\097.jpg,22
piano\098.jpg,22
piano\099.jpg,22
piano\100.jpg,22
piano\101.jpg,22
piano\102.jpg,22
piano\103.jpg,22
piano\104.jpg,22
piano\105.jpg,22
piano\106.jpg,22
piano\107.jpg,22
piano\108.jpg,22
piano\109.jpg,22
piano\110.jpg,22
piano\111.jpg,22
piano\112.jpg,22
piano\113.jpg,22
piano\114.jpg,22
piano\115.jpg,22
piano\116.jpg,22
piano\117.jpg,22
piano\118.jpg,22
piano\119.jpg,22
saxaphone\001.jpg,23
saxaphone\002.jpg,23
saxaphone\003.jpg,23
saxaphone\004.jpg,23
saxaphone\005.jpg,23
saxaphone\006.jpg,23
saxaphone\007.jpg,23
saxaphone\008.jpg,23
saxaphone\009.jpg,23
saxaphone\010.jpg,23
saxaphone\011.jpg,23
saxaphone\012.jpg,23
saxaphone\013.jpg,23
saxaphone\014.jpg,23
saxaphone\015.jpg,23
saxaphone\016.jpg,23
saxaphone\017.jpg,23
saxaphone\018.jpg,23
saxaphone\019.jpg,23
saxaphone\020.jpg,23
saxaphone\021.jpg,23
saxaphone\022.jpg,23
saxaphone\023.jpg,23
saxaphone\024.jpg,23
saxaphone\025.jpg,23
saxaphone\026.jpg,23
saxaphone\027.jpg,23
saxaphone\028.jpg,23
saxaphone\029.jpg,23
saxaphone\030.jpg,23
saxaphone\031.jpg,23
saxaphone\032.jpg,23
saxaphone\033.jpg,23
saxaphone\034.jpg,23
saxaphone\035.jpg,23
saxaphone\036.jpg,23
saxaphone\037.jpg,23
saxaphone\038.jpg,23
saxaphone\039.jpg,23
saxaphone\040.jpg,23
saxaphone\041.jpg,23
saxaphone\042.jpg,23
saxaphone\043.jpg,23
saxaphone\044.jpg,23
saxaphone\045.jpg,23
saxaphone\046.jpg,23
saxaphone\047.jpg,23
saxaphone\048.jpg,23
saxaphone\049.jpg,23
saxaphone\050.jpg,23
saxaphone\051.jpg,23
saxaphone\052.jpg,23
saxaphone\053.jpg,23
saxaphone\054.jpg,23
saxaphone\055.jpg,23
saxaphone\056.jpg,23
saxaphone\057.jpg,23
saxaphone\058.jpg,23
saxaphone\059.jpg,23
saxaphone\060.jpg,23
saxaphone\061.jpg,23
saxaphone\062.jpg,23
saxaphone\063.jpg,23
saxaphone\064.jpg,23
saxaphone\065.jpg,23
saxaphone\066.jpg,23
saxaphone\067.jpg,23
saxaphone\068.jpg,23
saxaphone\069.jpg,23
saxaphone\070.jpg,23
saxaphone\071.jpg,23
saxaphone\072.jpg,23
saxaphone\073.jpg,23
saxaphone\074.jpg,23
saxaphone\075.jpg,23
saxaphone\076.jpg,23
saxaphone\077.jpg,23
saxaphone\078.jpg,23
saxaphone\079.jpg,23
saxaphone\080.jpg,23
saxaphone\081.jpg,23
saxaphone\082.jpg,23
saxaphone\083.jpg,23
saxaphone\084.jpg,23
saxaphone\085.jpg,23
saxaphone\086.jpg,23
saxaphone\087.jpg,23
saxaphone\088.jpg,23
saxaphone\089.jpg,23
saxaphone\090.jpg,23
saxaphone\091.jpg,23
saxaphone\092.jpg,23
saxaphone\093.jpg,23
saxaphone\094.jpg,23
saxaphone\095.jpg,23
saxaphone\096.jpg,23
saxaphone\097.jpg,23
saxaphone\098.jpg,23
saxaphone\099.jpg,23
saxaphone\100.jpg,23
saxaphone\101.jpg,23
saxaphone\102.jpg,23
saxaphone\103.jpg,23
saxaphone\104.jpg,23
saxaphone\105.jpg,23
saxaphone\106.jpg,23
saxaphone\107.jpg,23
saxaphone\108.jpg,23
saxaphone\109.jpg,23
saxaphone\110.jpg,23
saxaphone\111.jpg,23
saxaphone\112.jpg,23
saxaphone\113.jpg,23
saxaphone\114.jpg,23
saxaphone\115.jpg,23
saxaphone\116.jpg,23
saxaphone\117.jpg,23
saxaphone\118.jpg,23
saxaphone\119.jpg,23
saxaphone\120.jpg,23
saxaphone\121.jpg,23
saxaphone\122.jpg,23
saxaphone\123.jpg,23
saxaphone\124.jpg,23
saxaphone\125.jpg,23
saxaphone\126.jpg,23
saxaphone\127.jpg,23
sitar\001.jpg,24
sitar\002.jpg,24
sitar\003.jpg,24
sitar\004.jpg,24
sitar\005.jpg,24
sitar\006.jpg,24
sitar\007.jpg,24
sitar\008.jpg,24
sitar\009.jpg,24
sitar\010.jpg,24
sitar\011.jpg,24
sitar\012.jpg,24
sitar\013.jpg,24
sitar\014.jpg,24
sitar\015.jpg,24
sitar\016.jpg,24
sitar\017.jpg,24
sitar\018.jpg,24
sitar\019.jpg,24
sitar\020.jpg,24
sitar\021.jpg,24
sitar\022.jpg,24
sitar\023.jpg,24
sitar\024.jpg,24
sitar\025.jpg,24
sitar\026.jpg,24
sitar\027.jpg,24
sitar\028.jpg,24
sitar\029.jpg,24
sitar\030.jpg,24
sitar\031.jpg,24
sitar\032.jpg,24
sitar\033.jpg,24
sitar\034.jpg,24
sitar\035.jpg,24
sitar\036.jpg,24
sitar\037.jpg,24
sitar\038.jpg,24
sitar\039.jpg,24
sitar\040.jpg,24
sitar\041.jpg,24
sitar\042.jpg,24
sitar\043.jpg,24
sitar\044.jpg,24
sitar\045.jpg,24
sitar\046.jpg,24
sitar\047.jpg,24
sitar\048.jpg,24
sitar\049.jpg,24
sitar\050.jpg,24
sitar\051.jpg,24
sitar\052.jpg,24
sitar\053.jpg,24
sitar\054.jpg,24
sitar\055.jpg,24
sitar\056.jpg,24
sitar\057.jpg,24
sitar\058.jpg,24
sitar\059.jpg,24
sitar\060.jpg,24
sitar\061.jpg,24
sitar\062.jpg,24
sitar\063.jpg,24
sitar\064.jpg,24
sitar\065.jpg,24
sitar\066.jpg,24
sitar\067.jpg,24
sitar\068.jpg,24
sitar\069.jpg,24
sitar\070.jpg,24
sitar\071.jpg,24
sitar\072.jpg,24
sitar\073.jpg,24
sitar\074.jpg,24
sitar\075.jpg,24
sitar\076.jpg,24
sitar\077.jpg,24
sitar\078.jpg,24
sitar\079.jpg,24
sitar\080.jpg,24
sitar\081.jpg,24
sitar\082.jpg,24
sitar\083.jpg,24
sitar\084.jpg,24
sitar\085.jpg,24
sitar\086.jpg,24
sitar\087.jpg,24
sitar\088.jpg,24
sitar\089.jpg,24
sitar\090.jpg,24
sitar\091.jpg,24
sitar\092.jpg,24
sitar\093.jpg,24
sitar\094.jpg,24
sitar\095.jpg,24
sitar\096.jpg,24
sitar\097.jpg,24
sitar\098.jpg,24
sitar\099.jpg,24
sitar\100.jpg,24
sitar\101.jpg,24
sitar\102.jpg,24
sitar\103.jpg,24
sitar\104.jpg,24
sitar\105.jpg,24
sitar\106.jpg,24
sitar\107.jpg,24
sitar\108.jpg,24
sitar\109.jpg,24
sitar\110.jpg,24
sitar\111.jpg,24
sitar\112.jpg,24
sitar\113.jpg,24
sitar\114.jpg,24
sitar\115.jpg,24
sitar\116.jpg,24
sitar\117.jpg,24
sitar\118.jpg,24
sitar\119.jpg,24
sitar\120.jpg,24
sitar\121.jpg,24
sitar\122.jpg,24
sitar\123.jpg,24
sitar\124.jpg,24
sitar\125.jpg,24
sitar\126.jpg,24
sitar\127.jpg,24
sitar\128.jpg,24
sitar\129.jpg,24
sitar\130.jpg,24
sitar\131.jpg,24
sitar\132.jpg,24
sitar\133.jpg,24
sitar\134.jpg,24
sitar\135.jpg,24
sitar\136.jpg,24
sitar\137.jpg,24
sitar\138.jpg,24
sitar\139.jpg,24
sitar\140.jpg,24
sitar\141.jpg,24
sitar\142.jpg,24
sitar\143.jpg,24
sitar\144.jpg,24
sitar\145.jpg,24
sitar\146.jpg,24
sitar\147.jpg,24
sitar\148.jpg,24
sitar\149.jpg,24
sitar\150.jpg,24
sitar\151.jpg,24
sitar\152.jpg,24
sitar\153.jpg,24
sitar\154.jpg,24
sitar\155.jpg,24
sitar\156.jpg,24
sitar\157.jpg,24
sitar\158.jpg,24
sitar\159.jpg,24
sitar\160.jpg,24
sitar\161.jpg,24
sitar\162.jpg,24
sitar\163.jpg,24
sitar\164.jpg,24
sitar\165.jpg,24
sitar\166.jpg,24
sitar\167.jpg,24
sitar\168.jpg,24
sitar\169.jpg,24
sitar\170.jpg,24
sitar\171.jpg,24
sitar\172.jpg,24
sitar\173.jpg,24
sitar\174.jpg,24
sitar\175.jpg,24
sitar\176.jpg,24
sitar\177.jpg,24
sitar\178.jpg,24
sitar\179.jpg,24
sitar\180.jpg,24
sitar\181.jpg,24
sitar\182.jpg,24
sitar\183.jpg,24
sitar\184.jpg,24
sitar\185.jpg,24
sitar\186.jpg,24
sitar\187.jpg,24
sitar\188.jpg,24
sitar\189.jpg,24
sitar\190.jpg,24
sitar\191.jpg,24
sitar\192.jpg,24
sitar\193.jpg,24
sitar\194.jpg,24
sitar\195.jpg,24
sitar\196.jpg,24
sitar\197.jpg,24
sitar\198.jpg,24
sitar\199.jpg,24
sitar\200.jpg,24
sitar\201.jpg,24
sitar\202.jpg,24
sitar\203.jpg,24
sitar\204.jpg,24
sitar\205.jpg,24
sitar\206.jpg,24
sitar\207.jpg,24
sitar\208.jpg,24
sitar\209.jpg,24
sitar\210.jpg,24
sitar\211.jpg,24
sitar\212.jpg,24
sitar\213.jpg,24
sitar\214.jpg,24
sitar\215.jpg,24
sitar\216.jpg,24
steel drum\001.jpg,25
steel drum\002.jpg,25
steel drum\003.jpg,25
steel drum\004.jpg,25
steel drum\005.jpg,25
steel drum\006.jpg,25
steel drum\007.jpg,25
steel drum\008.jpg,25
steel drum\009.jpg,25
steel drum\010.jpg,25
steel drum\011.jpg,25
steel drum\012.jpg,25
steel drum\013.jpg,25
steel drum\014.jpg,25
steel drum\015.jpg,25
steel drum\016.jpg,25
steel drum\017.jpg,25
steel drum\018.jpg,25
steel drum\019.jpg,25
steel drum\020.jpg,25
steel drum\021.jpg,25
steel drum\022.jpg,25
steel drum\023.jpg,25
steel drum\024.jpg,25
steel drum\025.jpg,25
steel drum\026.jpg,25
steel drum\027.jpg,25
steel drum\028.jpg,25
steel drum\029.jpg,25
steel drum\030.jpg,25
steel drum\031.jpg,25
steel drum\032.jpg,25
steel drum\033.jpg,25
steel drum\034.jpg,25
steel drum\035.jpg,25
steel drum\036.jpg,25
steel drum\037.jpg,25
steel drum\038.jpg,25
steel drum\039.jpg,25
steel drum\040.jpg,25
steel drum\041.jpg,25
steel drum\042.jpg,25
steel drum\043.jpg,25
steel drum\044.jpg,25
steel drum\045.jpg,25
steel drum\046.jpg,25
steel drum\047.jpg,25
steel drum\048.jpg,25
steel drum\049.jpg,25
steel drum\050.jpg,25
steel drum\051.jpg,25
steel drum\052.jpg,25
steel drum\053.jpg,25
steel drum\054.jpg,25
steel drum\055.jpg,25
steel drum\056.jpg,25
steel drum\057.jpg,25
steel drum\058.jpg,25
steel drum\059.jpg,25
steel drum\060.jpg,25
steel drum\061.jpg,25
steel drum\062.jpg,25
steel drum\063.jpg,25
steel drum\064.jpg,25
steel drum\065.jpg,25
steel drum\066.jpg,25
steel drum\067.jpg,25
steel drum\068.jpg,25
steel drum\069.jpg,25
steel drum\070.jpg,25
steel drum\071.jpg,25
steel drum\072.jpg,25
steel drum\073.jpg,25
steel drum\074.jpg,25
steel drum\075.jpg,25
steel drum\076.jpg,25
steel drum\077.jpg,25
steel drum\078.jpg,25
steel drum\079.jpg,25
steel drum\080.jpg,25
steel drum\081.jpg,25
steel drum\082.jpg,25
steel drum\083.jpg,25
steel drum\084.jpg,25
steel drum\085.jpg,25
steel drum\086.jpg,25
steel drum\087.jpg,25
steel drum\088.jpg,25
steel drum\089.jpg,25
steel drum\090.jpg,25
steel drum\091.jpg,25
steel drum\092.jpg,25
steel drum\093.jpg,25
steel drum\094.jpg,25
steel drum\095.jpg,25
steel drum\096.jpg,25
steel drum\097.jpg,25
steel drum\098.jpg,25
steel drum\099.jpg,25
steel drum\100.jpg,25
steel drum\101.jpg,25
steel drum\102.jpg,25
steel drum\103.jpg,25
steel drum\104.jpg,25
steel drum\105.jpg,25
steel drum\106.jpg,25
steel drum\107.jpg,25
steel drum\108.jpg,25
steel drum\109.jpg,25
steel drum\110.jpg,25
steel drum\111.jpg,25
steel drum\112.jpg,25
steel drum\113.jpg,25
steel drum\114.jpg,25
steel drum\115.jpg,25
steel drum\116.jpg,25
steel drum\117.jpg,25
steel drum\118.jpg,25
steel drum\119.jpg,25
steel drum\120.jpg,25
steel drum\121.jpg,25
steel drum\122.jpg,25
steel drum\123.jpg,25
steel drum\124.jpg,25
steel drum\125.jpg,25
steel drum\126.jpg,25
steel drum\127.jpg,25
steel drum\128.jpg,25
trombone\001.jpg,26
trombone\002.jpg,26
trombone\003.jpg,26
trombone\004.jpg,26
trombone\005.jpg,26
trombone\006.jpg,26
trombone\007.jpg,26
trombone\008.jpg,26
trombone\009.jpg,26
trombone\010.jpg,26
trombone\011.jpg,26
trombone\012.jpg,26
trombone\013.jpg,26
trombone\014.jpg,26
trombone\015.jpg,26
trombone\016.jpg,26
trombone\017.jpg,26
trombone\018.jpg,26
trombone\019.jpg,26
trombone\020.jpg,26
trombone\021.jpg,26
trombone\022.jpg,26
trombone\023.jpg,26
trombone\024.jpg,26
trombone\025.jpg,26
trombone\026.jpg,26
trombone\027.jpg,26
trombone\028.jpg,26
trombone\029.jpg,26
trombone\030.jpg,26
trombone\031.jpg,26
trombone\032.jpg,26
trombone\033.jpg,26
trombone\034.jpg,26
trombone\035.jpg,26
trombone\036.jpg,26
trombone\037.jpg,26
trombone\038.jpg,26
trombone\039.jpg,26
trombone\040.jpg,26
trombone\041.jpg,26
trombone\042.jpg,26
trombone\043.jpg,26
trombone\044.jpg,26
trombone\045.jpg,26
trombone\046.jpg,26
trombone\047.jpg,26
trombone\048.jpg,26
trombone\049.jpg,26
trombone\050.jpg,26
trombone\051.jpg,26
trombone\052.jpg,26
trombone\053.jpg,26
trombone\054.jpg,26
trombone\055.jpg,26
trombone\056.jpg,26
trombone\057.jpg,26
trombone\058.jpg,26
trombone\059.jpg,26
trombone\060.jpg,26
trombone\061.jpg,26
trombone\062.jpg,26
trombone\063.jpg,26
trombone\064.jpg,26
trombone\065.jpg,26
trombone\066.jpg,26
trombone\067.jpg,26
trombone\068.jpg,26
trombone\069.jpg,26
trombone\070.jpg,26
trombone\071.jpg,26
trombone\072.jpg,26
trombone\073.jpg,26
trombone\074.jpg,26
trombone\075.jpg,26
trombone\076.jpg,26
trombone\077.jpg,26
trombone\078.jpg,26
trombone\079.jpg,26
trombone\080.jpg,26
trombone\081.jpg,26
trombone\082.jpg,26
trombone\083.jpg,26
trombone\084.jpg,26
trombone\085.jpg,26
trombone\086.jpg,26
trombone\087.jpg,26
trombone\088.jpg,26
trombone\089.jpg,26
trombone\090.jpg,26
trombone\091.jpg,26
trombone\092.jpg,26
trombone\093.jpg,26
trombone\094.jpg,26
trombone\095.jpg,26
trombone\096.jpg,26
trombone\097.jpg,26
trombone\098.jpg,26
trombone\099.jpg,26
trombone\100.jpg,26
trombone\101.jpg,26
trombone\102.jpg,26
trombone\103.jpg,26
trombone\104.jpg,26
trombone\105.jpg,26
trombone\106.jpg,26
trombone\107.jpg,26
trombone\108.jpg,26
trombone\109.jpg,26
trombone\110.jpg,26
trombone\111.jpg,26
trombone\112.jpg,26
trombone\113.jpg,26
trombone\114.jpg,26
trombone\115.jpg,26
trombone\116.jpg,26
trombone\117.jpg,26
trombone\118.jpg,26
trombone\119.jpg,26
trombone\120.jpg,26
trombone\121.jpg,26
trombone\122.jpg,26
trombone\123.jpg,26
trombone\124.jpg,26
trombone\125.jpg,26
trombone\126.jpg,26
trombone\127.jpg,26
trombone\128.jpg,26
trombone\129.jpg,26
trombone\130.jpg,26
trombone\131.jpg,26
trombone\132.jpg,26
trombone\133.jpg,26
trombone\134.jpg,26
trombone\135.jpg,26
trombone\136.jpg,26
trombone\137.jpg,26
trombone\138.jpg,26
trombone\139.jpg,26
trombone\140.jpg,26
trombone\141.jpg,26
trombone\142.jpg,26
trombone\143.jpg,26
trombone\144.jpg,26
trombone\145.jpg,26
trombone\146.jpg,26
trombone\147.jpg,26
trombone\148.jpg,26
trombone\149.jpg,26
trombone\150.jpg,26
trombone\151.jpg,26
trombone\152.jpg,26
trombone\153.jpg,26
trombone\154.jpg,26
trombone\155.jpg,26
trombone\156.jpg,26
trombone\157.jpg,26
trombone\158.jpg,26
trombone\159.jpg,26
trombone\160.jpg,26
trombone\161.jpg,26
trombone\162.jpg,26
trombone\163.jpg,26
trumpet\001.jpg,27
trumpet\002.jpg,27
trumpet\003.jpg,27
trumpet\004.jpg,27
trumpet\005.jpg,27
trumpet\006.jpg,27
trumpet\007.jpg,27
trumpet\008.jpg,27
trumpet\009.jpg,27
trumpet\010.jpg,27
trumpet\011.jpg,27
trumpet\012.jpg,27
trumpet\013.jpg,27
trumpet\014.jpg,27
trumpet\015.jpg,27
trumpet\016.jpg,27
trumpet\017.jpg,27
trumpet\018.jpg,27
trumpet\019.jpg,27
trumpet\020.jpg,27
trumpet\021.jpg,27
trumpet\022.jpg,27
trumpet\023.jpg,27
trumpet\024.jpg,27
trumpet\025.jpg,27
trumpet\026.jpg,27
trumpet\027.jpg,27
trumpet\028.jpg,27
trumpet\029.jpg,27
trumpet\030.jpg,27
trumpet\031.jpg,27
trumpet\032.jpg,27
trumpet\033.jpg,27
trumpet\034.jpg,27
trumpet\035.jpg,27
trumpet\036.jpg,27
trumpet\037.jpg,27
trumpet\038.jpg,27
trumpet\039.jpg,27
trumpet\040.jpg,27
trumpet\041.jpg,27
trumpet\042.jpg,27
trumpet\043.jpg,27
trumpet\044.jpg,27
trumpet\045.jpg,27
trumpet\046.jpg,27
trumpet\047.jpg,27
trumpet\048.jpg,27
trumpet\049.jpg,27
trumpet\050.jpg,27
trumpet\051.jpg,27
trumpet\052.jpg,27
trumpet\053.jpg,27
trumpet\054.jpg,27
trumpet\055.jpg,27
trumpet\056.jpg,27
trumpet\057.jpg,27
trumpet\058.jpg,27
trumpet\059.jpg,27
trumpet\060.jpg,27
trumpet\061.jpg,27
trumpet\062.jpg,27
trumpet\063.jpg,27
trumpet\064.jpg,27
trumpet\065.jpg,27
trumpet\066.jpg,27
trumpet\067.jpg,27
trumpet\068.jpg,27
trumpet\069.jpg,27
trumpet\070.jpg,27
trumpet\071.jpg,27
trumpet\072.jpg,27
trumpet\073.jpg,27
trumpet\074.jpg,27
trumpet\075.jpg,27
trumpet\076.jpg,27
trumpet\077.jpg,27
trumpet\078.jpg,27
trumpet\079.jpg,27
trumpet\080.jpg,27
trumpet\081.jpg,27
trumpet\082.jpg,27
trumpet\083.jpg,27
trumpet\084.jpg,27
trumpet\085.jpg,27
trumpet\086.jpg,27
trumpet\087.jpg,27
trumpet\088.jpg,27
trumpet\089.jpg,27
trumpet\090.jpg,27
trumpet\091.jpg,27
trumpet\092.jpg,27
trumpet\093.jpg,27
trumpet\094.jpg,27
trumpet\095.jpg,27
trumpet\096.jpg,27
trumpet\097.jpg,27
trumpet\098.jpg,27
trumpet\099.jpg,27
trumpet\100.jpg,27
trumpet\101.jpg,27
trumpet\102.jpg,27
trumpet\103.jpg,27
trumpet\104.jpg,27
trumpet\105.jpg,27
trumpet\106.jpg,27
trumpet\107.jpg,27
trumpet\108.jpg,27
trumpet\109.jpg,27
trumpet\110.jpg,27
trumpet\111.jpg,27
trumpet\112.jpg,27
trumpet\113.jpg,27
trumpet\114.jpg,27
trumpet\115.jpg,27
trumpet\116.jpg,27
trumpet\117.jpg,27
trumpet\118.jpg,27
trumpet\119.jpg,27
trumpet\120.jpg,27
trumpet\121.jpg,27
trumpet\122.jpg,27
trumpet\123.jpg,27
trumpet\124.jpg,27
trumpet\125.jpg,27
trumpet\126.jpg,27
trumpet\127.jpg,27
trumpet\128.jpg,27
trumpet\129.jpg,27
trumpet\130.jpg,27
trumpet\131.jpg,27
trumpet\132.jpg,27
trumpet\133.jpg,27
trumpet\134.jpg,27
trumpet\135.jpg,27
trumpet\136.jpg,27
trumpet\137.jpg,27
trumpet\138.jpg,27
trumpet\139.jpg,27
trumpet\140.jpg,27
trumpet\141.jpg,27
trumpet\142.jpg,27
trumpet\143.jpg,27
trumpet\144.jpg,27
trumpet\145.jpg,27
trumpet\146.jpg,27
trumpet\147.jpg,27
trumpet\148.jpg,27
trumpet\149.jpg,27
trumpet\150.jpg,27
trumpet\151.jpg,27
trumpet\152.jpg,27
trumpet\153.jpg,27
trumpet\154.jpg,27
trumpet\155.jpg,27
trumpet\156.jpg,27
trumpet\157.jpg,27
trumpet\158.jpg,27
trumpet\159.jpg,27
trumpet\160.jpg,27
trumpet\161.jpg,27
trumpet\162.jpg,27
trumpet\163.jpg,27
trumpet\164.jpg,27
trumpet\165.jpg,27
trumpet\166.jpg,27
trumpet\167.jpg,27
tuba\001.jpg,28
tuba\002.jpg,28
tuba\003.jpg,28
tuba\004.jpg,28
tuba\005.jpg,28
tuba\006.jpg,28
tuba\007.jpg,28
tuba\008.jpg,28
tuba\009.jpg,28
tuba\010.jpg,28
tuba\011.jpg,28
tuba\012.jpg,28
tuba\013.jpg,28
tuba\014.jpg,28
tuba\015.jpg,28
tuba\016.jpg,28
tuba\017.jpg,28
tuba\018.jpg,28
tuba\019.jpg,28
tuba\020.jpg,28
tuba\021.jpg,28
tuba\022.jpg,28
tuba\023.jpg,28
tuba\024.jpg,28
tuba\025.jpg,28
tuba\026.jpg,28
tuba\027.jpg,28
tuba\028.jpg,28
tuba\029.jpg,28
tuba\030.jpg,28
tuba\031.jpg,28
tuba\032.jpg,28
tuba\033.jpg,28
tuba\034.jpg,28
tuba\035.jpg,28
tuba\036.jpg,28
tuba\037.jpg,28
tuba\038.jpg,28
tuba\039.jpg,28
tuba\040.jpg,28
tuba\041.jpg,28
tuba\042.jpg,28
tuba\043.jpg,28
tuba\044.jpg,28
tuba\045.jpg,28
tuba\046.jpg,28
tuba\047.jpg,28
tuba\048.jpg,28
tuba\049.jpg,28
tuba\050.jpg,28
tuba\051.jpg,28
tuba\052.jpg,28
tuba\053.jpg,28
tuba\054.jpg,28
tuba\055.jpg,28
tuba\056.jpg,28
tuba\057.jpg,28
tuba\058.jpg,28
tuba\059.jpg,28
tuba\060.jpg,28
tuba\061.jpg,28
tuba\062.jpg,28
tuba\063.jpg,28
tuba\064.jpg,28
tuba\065.jpg,28
tuba\066.jpg,28
tuba\067.jpg,28
tuba\068.jpg,28
tuba\069.jpg,28
tuba\070.jpg,28
tuba\071.jpg,28
tuba\072.jpg,28
tuba\073.jpg,28
tuba\074.jpg,28
tuba\075.jpg,28
tuba\076.jpg,28
tuba\077.jpg,28
tuba\078.jpg,28
tuba\079.jpg,28
tuba\080.jpg,28
tuba\081.jpg,28
tuba\082.jpg,28
tuba\083.jpg,28
tuba\084.jpg,28
tuba\085.jpg,28
tuba\086.jpg,28
tuba\087.jpg,28
tuba\088.jpg,28
tuba\089.jpg,28
tuba\090.jpg,28
tuba\091.jpg,28
tuba\092.jpg,28
tuba\093.jpg,28
tuba\094.jpg,28
tuba\095.jpg,28
tuba\096.jpg,28
tuba\097.jpg,28
tuba\098.jpg,28
tuba\099.jpg,28
tuba\100.jpg,28
tuba\101.jpg,28
tuba\102.jpg,28
tuba\103.jpg,28
tuba\104.jpg,28
tuba\105.jpg,28
tuba\106.jpg,28
tuba\107.jpg,28
tuba\108.jpg,28
tuba\109.jpg,28
tuba\110.jpg,28
tuba\111.jpg,28
tuba\112.jpg,28
tuba\113.jpg,28
tuba\114.jpg,28
tuba\115.jpg,28
tuba\116.jpg,28
tuba\117.jpg,28
tuba\118.jpg,28
tuba\119.jpg,28
tuba\120.jpg,28
tuba\121.jpg,28
tuba\122.jpg,28
tuba\123.jpg,28
tuba\124.jpg,28
tuba\125.jpg,28
tuba\126.jpg,28
tuba\127.jpg,28
tuba\128.jpg,28
tuba\129.jpg,28
tuba\130.jpg,28
tuba\131.jpg,28
tuba\132.jpg,28
tuba\133.jpg,28
tuba\134.jpg,28
tuba\135.jpg,28
tuba\136.jpg,28
tuba\137.jpg,28
tuba\138.jpg,28
tuba\139.jpg,28
tuba\140.jpg,28
tuba\141.jpg,28
tuba\142.jpg,28
tuba\143.jpg,28
tuba\144.jpg,28
tuba\145.jpg,28
tuba\146.jpg,28
tuba\147.jpg,28
tuba\148.jpg,28
tuba\149.jpg,28
tuba\150.jpg,28
tuba\151.jpg,28
tuba\152.jpg,28
tuba\153.jpg,28
tuba\154.jpg,28
tuba\155.jpg,28
tuba\156.jpg,28
tuba\157.jpg,28
tuba\158.jpg,28
tuba\159.jpg,28
tuba\160.jpg,28
tuba\161.jpg,28
tuba\162.jpg,28
tuba\163.jpg,28
tuba\164.jpg,28
tuba\165.jpg,28
tuba\166.jpg,28
tuba\167.jpg,28
tuba\168.jpg,28
tuba\169.jpg,28
tuba\170.jpg,28
tuba\171.jpg,28
tuba\172.jpg,28
tuba\173.jpg,28
tuba\174.jpg,28
tuba\175.jpg,28
violin\001.jpg,29
violin\002.jpg,29
violin\003.jpg,29
violin\004.jpg,29
violin\005.jpg,29
violin\006.jpg,29
violin\007.jpg,29
violin\008.jpg,29
violin\009.jpg,29
violin\010.jpg,29
violin\011.jpg,29
violin\012.jpg,29
violin\013.jpg,29
violin\014.jpg,29
violin\015.jpg,29
violin\016.jpg,29
violin\017.jpg,29
violin\018.jpg,29
violin\019.jpg,29
violin\020.jpg,29
violin\021.jpg,29
violin\022.jpg,29
violin\023.jpg,29
violin\024.jpg,29
violin\025.jpg,29
violin\026.jpg,29
violin\027.jpg,29
violin\028.jpg,29
violin\029.jpg,29
violin\030.jpg,29
violin\031.jpg,29
violin\032.jpg,29
violin\033.jpg,29
violin\034.jpg,29
violin\035.jpg,29
violin\036.jpg,29
violin\037.jpg,29
violin\038.jpg,29
violin\039.jpg,29
violin\040.jpg,29
violin\041.jpg,29
violin\042.jpg,29
violin\043.jpg,29
violin\044.jpg,29
violin\045.jpg,29
violin\046.jpg,29
violin\047.jpg,29
violin\048.jpg,29
violin\049.jpg,29
violin\050.jpg,29
violin\051.jpg,29
violin\052.jpg,29
violin\053.jpg,29
violin\054.jpg,29
violin\055.jpg,29
violin\056.jpg,29
violin\057.jpg,29
violin\058.jpg,29
violin\059.jpg,29
violin\060.jpg,29
violin\061.jpg,29
violin\062.jpg,29
violin\063.jpg,29
violin\064.jpg,29
violin\065.jpg,29
violin\066.jpg,29
violin\067.jpg,29
violin\068.jpg,29
violin\069.jpg,29
violin\070.jpg,29
violin\071.jpg,29
violin\072.jpg,29
violin\073.jpg,29
violin\074.jpg,29
violin\075.jpg,29
violin\076.jpg,29
violin\077.jpg,29
violin\078.jpg,29
violin\079.jpg,29
violin\080.jpg,29
violin\081.jpg,29
violin\082.jpg,29
violin\083.jpg,29
violin\084.jpg,29
violin\085.jpg,29
violin\086.jpg,29
violin\087.jpg,29
violin\088.jpg,29
violin\089.jpg,29
violin\090.jpg,29
violin\091.jpg,29
violin\092.jpg,29
violin\093.jpg,29
violin\094.jpg,29
violin\095.jpg,29
violin\096.jpg,29
violin\097.jpg,29
violin\098.jpg,29
violin\099.jpg,29
violin\100.jpg,29
violin\101.jpg,29
violin\102.jpg,29
violin\103.jpg,29
violin\104.jpg,29
violin\105.jpg,29
violin\106.jpg,29
violin\107.jpg,29
violin\108.jpg,29
violin\109.jpg,29
violin\110.jpg,29
violin\111.jpg,29
violin\112.jpg,29
violin\113.jpg,29
violin\114.jpg,29
violin\115.jpg,29
violin\116.jpg,29
violin\117.jpg,29
violin\118.jpg,29
violin\119.jpg,29
violin\120.jpg,29
violin\121.jpg,29
violin\122.jpg,29
violin\123.jpg,29
violin\124.jpg,29
violin\125.jpg,29
violin\126.jpg,29
violin\127.jpg,29
violin\128.jpg,29
violin\129.jpg,29
violin\130.jpg,29
violin\131.jpg,29
violin\132.jpg,29
violin\133.jpg,29
violin\134.jpg,29
violin\135.jpg,29
violin\136.jpg,29
violin\137.jpg,29
violin\138.jpg,29
violin\139.jpg,29
violin\140.jpg,29
violin\141.jpg,29
violin\142.jpg,29
violin\143.jpg,29
